Record Length,2.500000e+03,,  -0.000000038000, -23.60000,
Sample Interval,2.000000e-10,,  -0.000000037800, -23.20000,
Trigger Point,1.900000000000e+02,,  -0.000000037600, -23.20000,
,,,  -0.000000037400, -22.80000,
,,,  -0.000000037200, -22.80000,
,,,  -0.000000037000, -22.80000,
Source,CH1,,  -0.000000036800, -22.80000,
Vertical Units,V,,  -0.000000036600, -22.80000,
Vertical Scale,1.000000e+01,,  -0.000000036400, -22.80000,
Vertical Offset,-5.600000e+00,,  -0.000000036200, -23.20000,
Horizontal Units,s,,  -0.000000036000, -23.20000,
Horizontal Scale,5.000000e-08,,  -0.000000035800, -23.20000,
Pt Fmt,Y,,  -0.000000035600, -23.20000,
Yzero,0.000000e+00,,  -0.000000035400, -23.20000,
Probe Atten,1.000000e+01,,  -0.000000035200, -23.20000,
Model Number,TDS1001B,,  -0.000000035000, -23.20000,
Serial Number,C059827,,  -0.000000034800, -23.20000,
Firmware Version,FV:v22.01,,  -0.000000034600, -23.20000,
,,,-00.000000034400, -22.80000,
,,,-00.000000034200, -23.20000,
,,,-00.000000034000, -23.20000,
,,,-00.000000033800, -23.20000,
,,,-00.000000033600, -23.20000,
,,,-00.000000033400, -23.20000,
,,,-00.000000033200, -23.20000,
,,,-00.000000033000, -23.20000,
,,,-00.000000032800, -23.20000,
,,,-00.000000032600, -23.20000,
,,,-00.000000032400, -23.20000,
,,,-00.000000032200, -23.20000,
,,,-00.000000032000, -23.20000,
,,,-00.000000031800, -23.20000,
,,,-00.000000031600, -23.20000,
,,,-00.000000031400, -23.20000,
,,,-00.000000031200, -23.20000,
,,,-00.000000031000, -23.20000,
,,,-00.000000030800, -23.20000,
,,,-00.000000030600, -23.20000,
,,,-00.000000030400, -22.80000,
,,,-00.000000030200, -22.80000,
,,,-00.000000030000, -22.80000,
,,,-00.000000029800, -22.80000,
,,,-00.000000029600, -22.80000,
,,,-00.000000029400, -22.80000,
,,,-00.000000029200, -23.20000,
,,,-00.000000029000, -23.20000,
,,,-00.000000028800, -23.20000,
,,,-00.000000028600, -23.20000,
,,,-00.000000028400, -23.20000,
,,,-00.000000028200, -23.20000,
,,,-00.000000028000, -23.20000,
,,,-00.000000027800, -23.20000,
,,,-00.000000027600, -23.20000,
,,,-00.000000027400, -22.80000,
,,,-00.000000027200, -23.20000,
,,,-00.000000027000, -23.20000,
,,,-00.000000026800, -23.20000,
,,,-00.000000026600, -23.20000,
,,,-00.000000026400, -23.20000,
,,,-00.000000026200, -23.60000,
,,,-00.000000026000, -23.60000,
,,,-00.000000025800, -23.60000,
,,,-00.000000025600, -23.60000,
,,,-00.000000025400, -23.20000,
,,,-00.000000025200, -23.20000,
,,,-00.000000025000, -23.20000,
,,,-00.000000024800, -22.80000,
,,,-00.000000024600, -22.80000,
,,,-00.000000024400, -22.40000,
,,,-00.000000024200, -22.40000,
,,,-00.000000024000, -22.80000,
,,,-00.000000023800, -22.80000,
,,,-00.000000023600, -22.80000,
,,,-00.000000023400, -22.80000,
,,,-00.000000023200, -22.80000,
,,,-00.000000023000, -22.80000,
,,,-00.000000022800, -22.80000,
,,,-00.000000022600, -22.80000,
,,,-00.000000022400, -22.40000,
,,,-00.000000022200, -22.40000,
,,,-00.000000022000, -22.40000,
,,,-00.000000021800, -22.40000,
,,,-00.000000021600, -22.40000,
,,,-00.000000021400, -22.40000,
,,,-00.000000021200, -22.40000,
,,,-00.000000021000, -22.40000,
,,,-00.000000020800, -22.40000,
,,,-00.000000020600, -22.40000,
,,,-00.000000020400, -22.40000,
,,,-00.000000020200, -22.40000,
,,,-00.000000020000, -22.40000,
,,,-00.000000019800, -22.40000,
,,,-00.000000019600, -22.40000,
,,,-00.000000019400, -22.40000,
,,,-00.000000019200, -22.40000,
,,,-00.000000019000, -22.40000,
,,,-00.000000018800, -22.40000,
,,,-00.000000018600, -22.40000,
,,,-00.000000018400, -22.40000,
,,,-00.000000018200, -22.40000,
,,,-00.000000018000, -22.40000,
,,,-00.000000017800, -22.40000,
,,,-00.000000017600, -22.40000,
,,,-00.000000017400, -22.40000,
,,,-00.000000017200, -22.80000,
,,,-00.000000017000, -22.80000,
,,,-00.000000016800, -23.20000,
,,,-00.000000016600, -23.20000,
,,,-00.000000016400, -23.20000,
,,,-00.000000016200, -23.60000,
,,,-00.000000016000, -23.60000,
,,,-00.000000015800, -23.60000,
,,,-00.000000015600, -23.60000,
,,,-00.000000015400, -23.20000,
,,,-00.000000015200, -23.20000,
,,,-00.000000015000, -23.20000,
,,,-00.000000014800, -22.80000,
,,,-00.000000014600, -22.80000,
,,,-00.000000014400, -22.40000,
,,,-00.000000014200, -22.40000,
,,,-00.000000014000, -22.40000,
,,,-00.000000013800, -22.40000,
,,,-00.000000013600, -22.40000,
,,,-00.000000013400, -22.40000,
,,,-00.000000013200, -22.80000,
,,,-00.000000013000, -22.80000,
,,,-00.000000012800, -22.80000,
,,,-00.000000012600, -22.80000,
,,,-00.000000012400, -22.80000,
,,,-00.000000012200, -22.80000,
,,,-00.000000012000, -22.80000,
,,,-00.000000011800, -22.80000,
,,,-00.000000011600, -22.80000,
,,,-00.000000011400, -22.40000,
,,,-00.000000011200, -22.40000,
,,,-00.000000011000, -22.40000,
,,,-00.000000010800, -22.40000,
,,,-00.000000010600, -22.40000,
,,,-00.000000010400, -22.40000,
,,,-00.000000010200, -22.40000,
,,,-00.000000010000, -22.40000,
,,,-00.000000009800, -22.40000,
,,,-00.000000009600, -22.40000,
,,,-00.000000009400, -22.40000,
,,,-00.000000009200, -22.40000,
,,,-00.000000009000, -22.40000,
,,,-00.000000008800, -22.40000,
,,,-00.000000008600, -22.40000,
,,,-00.000000008400, -22.40000,
,,,-00.000000008200, -22.40000,
,,,-00.000000008000, -22.40000,
,,,-00.000000007800, -22.40000,
,,,-00.000000007600, -22.40000,
,,,-00.000000007400, -22.00000,
,,,-00.000000007200, -22.00000,
,,,-00.000000007000, -22.00000,
,,,-00.000000006800, -21.60000,
,,,-00.000000006600, -21.60000,
,,,-00.000000006400, -21.20000,
,,,-00.000000006200, -21.20000,
,,,-00.000000006000, -21.20000,
,,,-00.000000005800, -21.20000,
,,,-00.000000005600, -21.20000,
,,,-00.000000005400, -21.20000,
,,,-00.000000005200, -21.20000,
,,,-00.000000005000, -21.60000,
,,,-00.000000004800, -21.60000,
,,,-00.000000004600, -21.60000,
,,,-00.000000004400, -21.20000,
,,,-00.000000004200, -21.20000,
,,,-00.000000004000, -20.80000,
,,,-00.000000003800, -20.80000,
,,,-00.000000003600, -20.40000,
,,,-00.000000003400, -20.00000,
,,,-00.000000003200, -20.00000,
,,,-00.000000003000, -20.00000,
,,,-00.000000002800, -19.60000,
,,,-00.000000002600, -19.60000,
,,,-00.000000002400, -19.20000,
,,,-00.000000002200, -19.20000,
,,,-00.000000002000, -19.20000,
,,,-00.000000001800, -18.80000,
,,,-00.000000001600, -18.80000,
,,,-00.000000001400, -18.40000,
,,,-00.000000001200, -18.40000,
,,,-00.000000001000, -18.40000,
,,,-00.000000000800, -18.00000,
,,,-00.000000000600, -18.00000,
,,,-00.000000000400, -17.60000,
,,,-00.000000000200, -17.60000,
,,,-00.000000000000, -17.20000,
,,,00.000000000200, -16.80000,
,,,00.000000000400, -16.40000,
,,,00.000000000600, -16.00000,
,,,00.000000000800, -16.00000,
,,,00.000000001000, -15.60000,
,,,00.000000001200, -15.60000,
,,,00.000000001400, -15.20000,
,,,00.000000001600, -14.80000,
,,,00.000000001800, -14.80000,
,,,00.000000002000, -14.40000,
,,,00.000000002200, -14.40000,
,,,00.000000002400, -14.00000,
,,,00.000000002600, -13.60000,
,,,00.000000002800, -13.60000,
,,,00.000000003000, -13.20000,
,,,00.000000003200, -13.20000,
,,,00.000000003400, -12.80000,
,,,00.000000003600, -12.40000,
,,,00.000000003800, -12.40000,
,,,00.000000004000, -12.40000,
,,,00.000000004200, -12.00000,
,,,00.000000004400, -12.00000,
,,,00.000000004600, -11.60000,
,,,00.000000004800, -11.60000,
,,,00.000000005000, -11.20000,
,,,00.000000005200, -11.20000,
,,,00.000000005400, -10.80000,
,,,00.000000005600, -10.40000,
,,,00.000000005800, -10.40000,
,,,00.000000006000, -10.00000,
,,,00.000000006200, -10.00000,
,,,00.000000006400,  -9.60000,
,,,00.000000006600,  -9.20000,
,,,00.000000006800,  -9.20000,
,,,00.000000007000,  -8.80000,
,,,00.000000007200,  -8.80000,
,,,00.000000007400,  -8.40000,
,,,00.000000007600,  -8.00000,
,,,00.000000007800,  -8.00000,
,,,00.000000008000,  -8.00000,
,,,00.000000008200,  -7.60000,
,,,00.000000008400,  -7.60000,
,,,00.000000008600,  -7.20000,
,,,00.000000008800,  -7.20000,
,,,00.000000009000,  -6.80000,
,,,00.000000009200,  -6.80000,
,,,00.000000009400,  -6.40000,
,,,00.000000009600,  -6.00000,
,,,00.000000009800,  -6.00000,
,,,00.000000010000,  -6.00000,
,,,00.000000010200,  -5.60000,
,,,00.000000010400,  -5.60000,
,,,00.000000010600,  -5.20000,
,,,00.000000010800,  -5.20000,
,,,00.000000011000,  -5.20000,
,,,00.000000011200,  -4.80000,
,,,00.000000011400,  -4.80000,
,,,00.000000011600,  -4.40000,
,,,00.000000011800,  -4.40000,
,,,00.000000012000,  -4.40000,
,,,00.000000012200,  -4.00000,
,,,00.000000012400,  -4.00000,
,,,00.000000012600,  -3.60000,
,,,00.000000012800,  -3.60000,
,,,00.000000013000,  -3.60000,
,,,00.000000013200,  -3.20000,
,,,00.000000013400,  -3.20000,
,,,00.000000013600,  -2.80000,
,,,00.000000013800,  -2.80000,
,,,00.000000014000,  -2.80000,
,,,00.000000014200,  -2.80000,
,,,00.000000014400,  -2.80000,
,,,00.000000014600,  -2.40000,
,,,00.000000014800,  -2.40000,
,,,00.000000015000,  -2.40000,
,,,00.000000015200,  -2.40000,
,,,00.000000015400,  -2.40000,
,,,00.000000015600,  -2.00000,
,,,00.000000015800,  -2.00000,
,,,00.000000016000,  -2.00000,
,,,00.000000016200,  -2.00000,
,,,00.000000016400,  -2.00000,
,,,00.000000016600,  -2.00000,
,,,00.000000016800,  -2.00000,
,,,00.000000017000,  -2.00000,
,,,00.000000017200,  -2.00000,
,,,00.000000017400,  -2.00000,
,,,00.000000017600,  -2.00000,
,,,00.000000017800,  -2.00000,
,,,00.000000018000,  -2.00000,
,,,00.000000018200,  -2.00000,
,,,00.000000018400,  -2.00000,
,,,00.000000018600,  -1.60000,
,,,00.000000018800,  -1.60000,
,,,00.000000019000,  -1.60000,
,,,00.000000019200,  -1.60000,
,,,00.000000019400,  -1.20000,
,,,00.000000019600,  -1.20000,
,,,00.000000019800,  -1.60000,
,,,00.000000020000,  -1.60000,
,,,00.000000020200,  -1.60000,
,,,00.000000020400,  -1.60000,
,,,00.000000020600,  -1.60000,
,,,00.000000020800,  -1.60000,
,,,00.000000021000,  -2.00000,
,,,00.000000021200,  -2.00000,
,,,00.000000021400,  -1.60000,
,,,00.000000021600,  -1.60000,
,,,00.000000021800,  -1.60000,
,,,00.000000022000,  -1.60000,
,,,00.000000022200,  -1.60000,
,,,00.000000022400,  -1.60000,
,,,00.000000022600,  -1.20000,
,,,00.000000022800,  -1.60000,
,,,00.000000023000,  -1.60000,
,,,00.000000023200,  -1.60000,
,,,00.000000023400,  -1.60000,
,,,00.000000023600,  -1.60000,
,,,00.000000023800,  -1.60000,
,,,00.000000024000,  -1.60000,
,,,00.000000024200,  -1.60000,
,,,00.000000024400,  -1.60000,
,,,00.000000024600,  -1.60000,
,,,00.000000024800,  -1.60000,
,,,00.000000025000,  -1.60000,
,,,00.000000025200,  -1.60000,
,,,00.000000025400,  -1.60000,
,,,00.000000025600,  -1.60000,
,,,00.000000025800,  -1.60000,
,,,00.000000026000,  -1.60000,
,,,00.000000026200,  -1.60000,
,,,00.000000026400,  -1.60000,
,,,00.000000026600,  -1.20000,
,,,00.000000026800,  -1.20000,
,,,00.000000027000,  -1.60000,
,,,00.000000027200,  -1.60000,
,,,00.000000027400,  -1.60000,
,,,00.000000027600,  -1.60000,
,,,00.000000027800,  -2.00000,
,,,00.000000028000,  -2.00000,
,,,00.000000028200,  -2.00000,
,,,00.000000028400,  -2.00000,
,,,00.000000028600,  -2.00000,
,,,00.000000028800,  -2.00000,
,,,00.000000029000,  -2.40000,
,,,00.000000029200,  -2.40000,
,,,00.000000029400,  -2.00000,
,,,00.000000029600,  -2.00000,
,,,00.000000029800,  -2.00000,
,,,00.000000030000,  -2.00000,
,,,00.000000030200,  -2.00000,
,,,00.000000030400,  -2.00000,
,,,00.000000030600,  -1.60000,
,,,00.000000030800,  -1.60000,
,,,00.000000031000,  -1.60000,
,,,00.000000031200,  -1.60000,
,,,00.000000031400,  -1.60000,
,,,00.000000031600,  -1.60000,
,,,00.000000031800,  -2.00000,
,,,00.000000032000,  -2.00000,
,,,00.000000032200,  -2.00000,
,,,00.000000032400,  -2.00000,
,,,00.000000032600,  -2.00000,
,,,00.000000032800,  -2.00000,
,,,00.000000033000,  -2.40000,
,,,00.000000033200,  -2.40000,
,,,00.000000033400,  -2.00000,
,,,00.000000033600,  -2.00000,
,,,00.000000033800,  -2.00000,
,,,00.000000034000,  -2.00000,
,,,00.000000034200,  -2.00000,
,,,00.000000034400,  -2.00000,
,,,00.000000034600,  -1.60000,
,,,00.000000034800,  -1.60000,
,,,00.000000035000,  -1.60000,
,,,00.000000035200,  -1.60000,
,,,00.000000035400,  -1.60000,
,,,00.000000035600,  -1.60000,
,,,00.000000035800,  -1.60000,
,,,00.000000036000,  -1.60000,
,,,00.000000036200,  -1.60000,
,,,00.000000036400,  -1.60000,
,,,00.000000036600,  -1.60000,
,,,00.000000036800,  -1.60000,
,,,00.000000037000,  -1.60000,
,,,00.000000037200,  -1.60000,
,,,00.000000037400,  -1.60000,
,,,00.000000037600,  -1.20000,
,,,00.000000037800,  -1.60000,
,,,00.000000038000,  -1.60000,
,,,00.000000038200,  -1.60000,
,,,00.000000038400,  -1.60000,
,,,00.000000038600,  -1.60000,
,,,00.000000038800,  -1.60000,
,,,00.000000039000,  -2.00000,
,,,00.000000039200,  -2.00000,
,,,00.000000039400,  -1.60000,
,,,00.000000039600,  -1.60000,
,,,00.000000039800,  -1.60000,
,,,00.000000040000,  -1.60000,
,,,00.000000040200,  -1.60000,
,,,00.000000040400,  -1.60000,
,,,00.000000040600,  -1.20000,
,,,00.000000040800,  -1.20000,
,,,00.000000041000,  -1.20000,
,,,00.000000041200,  -1.20000,
,,,00.000000041400,  -0.80000,
,,,00.000000041600,  -0.80000,
,,,00.000000041800,  -1.20000,
,,,00.000000042000,  -1.20000,
,,,00.000000042200,  -1.20000,
,,,00.000000042400,  -1.20000,
,,,00.000000042600,  -1.20000,
,,,00.000000042800,  -1.20000,
,,,00.000000043000,  -1.20000,
,,,00.000000043200,  -1.20000,
,,,00.000000043400,  -1.20000,
,,,00.000000043600,  -0.80000,
,,,00.000000043800,  -0.80000,
,,,00.000000044000,  -0.80000,
,,,00.000000044200,  -0.80000,
,,,00.000000044400,  -0.40000,
,,,00.000000044600,  -0.40000,
,,,00.000000044800,  -0.80000,
,,,00.000000045000,  -0.80000,
,,,00.000000045200,  -0.80000,
,,,00.000000045400,  -0.80000,
,,,00.000000045600,  -0.80000,
,,,00.000000045800,  -0.80000,
,,,00.000000046000,  -1.20000,
,,,00.000000046200,  -1.20000,
,,,00.000000046400,  -0.80000,
,,,00.000000046600,  -0.80000,
,,,00.000000046800,  -0.80000,
,,,00.000000047000,  -0.80000,
,,,00.000000047200,  -0.80000,
,,,00.000000047400,  -0.80000,
,,,00.000000047600,  -0.40000,
,,,00.000000047800,  -0.40000,
,,,00.000000048000,  -0.40000,
,,,00.000000048200,  -0.40000,
,,,00.000000048400,  -0.40000,
,,,00.000000048600,  -0.40000,
,,,00.000000048800,  -0.40000,
,,,00.000000049000,  -0.40000,
,,,00.000000049200,  -0.40000,
,,,00.000000049400,  -0.40000,
,,,00.000000049600,  -0.40000,
,,,00.000000049800,  -0.40000,
,,,00.000000050000,  -0.40000,
,,,00.000000050200,  -0.40000,
,,,00.000000050400,  -0.40000,
,,,00.000000050600,   0.00000,
,,,00.000000050800,   0.00000,
,,,00.000000051000,   0.00000,
,,,00.000000051200,   0.00000,
,,,00.000000051400,   0.00000,
,,,00.000000051600,   0.00000,
,,,00.000000051800,   0.00000,
,,,00.000000052000,   0.00000,
,,,00.000000052200,   0.00000,
,,,00.000000052400,   0.00000,
,,,00.000000052600,   0.00000,
,,,00.000000052800,   0.00000,
,,,00.000000053000,   0.00000,
,,,00.000000053200,   0.00000,
,,,00.000000053400,   0.00000,
,,,00.000000053600,   0.00000,
,,,00.000000053800,   0.00000,
,,,00.000000054000,   0.00000,
,,,00.000000054200,   0.00000,
,,,00.000000054400,   0.40000,
,,,00.000000054600,   0.40000,
,,,00.000000054800,   0.00000,
,,,00.000000055000,   0.00000,
,,,00.000000055200,  -0.40000,
,,,00.000000055400,  -0.40000,
,,,00.000000055600,  -0.40000,
,,,00.000000055800,  -0.40000,
,,,00.000000056000,  -0.40000,
,,,00.000000056200,  -0.40000,
,,,00.000000056400,  -0.40000,
,,,00.000000056600,   0.00000,
,,,00.000000056800,  -0.40000,
,,,00.000000057000,  -0.40000,
,,,00.000000057200,  -0.40000,
,,,00.000000057400,  -0.40000,
,,,00.000000057600,  -0.40000,
,,,00.000000057800,  -0.40000,
,,,00.000000058000,  -0.40000,
,,,00.000000058200,  -0.40000,
,,,00.000000058400,  -0.40000,
,,,00.000000058600,   0.00000,
,,,00.000000058800,   0.00000,
,,,00.000000059000,   0.00000,
,,,00.000000059200,   0.00000,
,,,00.000000059400,   0.00000,
,,,00.000000059600,   0.00000,
,,,00.000000059800,   0.00000,
,,,00.000000060000,   0.00000,
,,,00.000000060200,   0.00000,
,,,00.000000060400,   0.00000,
,,,00.000000060600,   0.00000,
,,,00.000000060800,   0.00000,
,,,00.000000061000,   0.00000,
,,,00.000000061200,   0.00000,
,,,00.000000061400,   0.00000,
,,,00.000000061600,   0.00000,
,,,00.000000061800,   0.00000,
,,,00.000000062000,   0.00000,
,,,00.000000062200,   0.00000,
,,,00.000000062400,   0.00000,
,,,00.000000062600,   0.00000,
,,,00.000000062800,   0.00000,
,,,00.000000063000,  -0.40000,
,,,00.000000063200,  -0.40000,
,,,00.000000063400,   0.00000,
,,,00.000000063600,   0.00000,
,,,00.000000063800,   0.00000,
,,,00.000000064000,   0.00000,
,,,00.000000064200,   0.40000,
,,,00.000000064400,   0.40000,
,,,00.000000064600,   0.80000,
,,,00.000000064800,   0.80000,
,,,00.000000065000,   0.40000,
,,,00.000000065200,   0.40000,
,,,00.000000065400,   0.40000,
,,,00.000000065600,   0.40000,
,,,00.000000065800,   0.00000,
,,,00.000000066000,   0.00000,
,,,00.000000066200,   0.00000,
,,,00.000000066400,   0.00000,
,,,00.000000066600,   0.00000,
,,,00.000000066800,   0.00000,
,,,00.000000067000,   0.00000,
,,,00.000000067200,   0.00000,
,,,00.000000067400,   0.00000,
,,,00.000000067600,   0.40000,
,,,00.000000067800,   0.40000,
,,,00.000000068000,   0.40000,
,,,00.000000068200,   0.40000,
,,,00.000000068400,   0.40000,
,,,00.000000068600,   0.40000,
,,,00.000000068800,   0.40000,
,,,00.000000069000,   0.40000,
,,,00.000000069200,   0.40000,
,,,00.000000069400,   0.40000,
,,,00.000000069600,   0.80000,
,,,00.000000069800,   0.80000,
,,,00.000000070000,   0.80000,
,,,00.000000070200,   0.80000,
,,,00.000000070400,   0.80000,
,,,00.000000070600,   0.80000,
,,,00.000000070800,   0.80000,
,,,00.000000071000,   0.80000,
,,,00.000000071200,   0.80000,
,,,00.000000071400,   0.80000,
,,,00.000000071600,   0.80000,
,,,00.000000071800,   0.80000,
,,,00.000000072000,   0.80000,
,,,00.000000072200,   0.80000,
,,,00.000000072400,   0.80000,
,,,00.000000072600,   1.20000,
,,,00.000000072800,   1.20000,
,,,00.000000073000,   1.20000,
,,,00.000000073200,   1.20000,
,,,00.000000073400,   1.20000,
,,,00.000000073600,   1.20000,
,,,00.000000073800,   0.80000,
,,,00.000000074000,   0.80000,
,,,00.000000074200,   0.40000,
,,,00.000000074400,   0.40000,
,,,00.000000074600,   0.40000,
,,,00.000000074800,   0.00000,
,,,00.000000075000,   0.00000,
,,,00.000000075200,   0.00000,
,,,00.000000075400,   0.00000,
,,,00.000000075600,   0.40000,
,,,00.000000075800,   0.40000,
,,,00.000000076000,   0.40000,
,,,00.000000076200,   0.40000,
,,,00.000000076400,   0.40000,
,,,00.000000076600,   0.80000,
,,,00.000000076800,   0.80000,
,,,00.000000077000,   0.80000,
,,,00.000000077200,   0.80000,
,,,00.000000077400,   1.20000,
,,,00.000000077600,   1.20000,
,,,00.000000077800,   0.80000,
,,,00.000000078000,   0.80000,
,,,00.000000078200,   0.80000,
,,,00.000000078400,   0.80000,
,,,00.000000078600,   0.80000,
,,,00.000000078800,   0.80000,
,,,00.000000079000,   0.80000,
,,,00.000000079200,   0.80000,
,,,00.000000079400,   0.80000,
,,,00.000000079600,   1.20000,
,,,00.000000079800,   1.20000,
,,,00.000000080000,   1.20000,
,,,00.000000080200,   1.20000,
,,,00.000000080400,   1.20000,
,,,00.000000080600,   1.20000,
,,,00.000000080800,   0.80000,
,,,00.000000081000,   0.80000,
,,,00.000000081200,   0.80000,
,,,00.000000081400,   0.80000,
,,,00.000000081600,   0.80000,
,,,00.000000081800,   0.80000,
,,,00.000000082000,   0.80000,
,,,00.000000082200,   0.80000,
,,,00.000000082400,   0.80000,
,,,00.000000082600,   1.20000,
,,,00.000000082800,   1.20000,
,,,00.000000083000,   1.20000,
,,,00.000000083200,   1.20000,
,,,00.000000083400,   1.20000,
,,,00.000000083600,   1.20000,
,,,00.000000083800,   0.80000,
,,,00.000000084000,   0.80000,
,,,00.000000084200,   0.80000,
,,,00.000000084400,   0.80000,
,,,00.000000084600,   0.80000,
,,,00.000000084800,   0.80000,
,,,00.000000085000,   0.40000,
,,,00.000000085200,   0.40000,
,,,00.000000085400,   0.80000,
,,,00.000000085600,   0.80000,
,,,00.000000085800,   0.80000,
,,,00.000000086000,   0.80000,
,,,00.000000086200,   0.80000,
,,,00.000000086400,   0.80000,
,,,00.000000086600,   1.20000,
,,,00.000000086800,   1.20000,
,,,00.000000087000,   1.20000,
,,,00.000000087200,   1.20000,
,,,00.000000087400,   1.20000,
,,,00.000000087600,   1.20000,
,,,00.000000087800,   0.80000,
,,,00.000000088000,   0.80000,
,,,00.000000088200,   0.80000,
,,,00.000000088400,   0.80000,
,,,00.000000088600,   0.80000,
,,,00.000000088800,   0.80000,
,,,00.000000089000,   0.40000,
,,,00.000000089200,   0.40000,
,,,00.000000089400,   0.80000,
,,,00.000000089600,   0.80000,
,,,00.000000089800,   0.80000,
,,,00.000000090000,   0.80000,
,,,00.000000090200,   0.80000,
,,,00.000000090400,   0.80000,
,,,00.000000090600,   1.20000,
,,,00.000000090800,   0.80000,
,,,00.000000091000,   0.80000,
,,,00.000000091200,   0.80000,
,,,00.000000091400,   0.80000,
,,,00.000000091600,   0.80000,
,,,00.000000091800,   0.40000,
,,,00.000000092000,   0.40000,
,,,00.000000092200,   0.40000,
,,,00.000000092400,   0.40000,
,,,00.000000092600,   0.80000,
,,,00.000000092800,   0.80000,
,,,00.000000093000,   0.80000,
,,,00.000000093200,   1.20000,
,,,00.000000093400,   1.20000,
,,,00.000000093600,   1.60000,
,,,00.000000093800,   1.60000,
,,,00.000000094000,   1.20000,
,,,00.000000094200,   1.20000,
,,,00.000000094400,   1.20000,
,,,00.000000094600,   1.20000,
,,,00.000000094800,   0.80000,
,,,00.000000095000,   0.80000,
,,,00.000000095200,   0.80000,
,,,00.000000095400,   0.80000,
,,,00.000000095600,   1.20000,
,,,00.000000095800,   1.20000,
,,,00.000000096000,   1.20000,
,,,00.000000096200,   1.60000,
,,,00.000000096400,   1.60000,
,,,00.000000096600,   2.00000,
,,,00.000000096800,   2.00000,
,,,00.000000097000,   2.00000,
,,,00.000000097200,   2.00000,
,,,00.000000097400,   2.00000,
,,,00.000000097600,   2.00000,
,,,00.000000097800,   2.00000,
,,,00.000000098000,   2.00000,
,,,00.000000098200,   2.00000,
,,,00.000000098400,   2.00000,
,,,00.000000098600,   2.00000,
,,,00.000000098800,   2.00000,
,,,00.000000099000,   2.00000,
,,,00.000000099200,   2.00000,
,,,00.000000099400,   2.00000,
,,,00.000000099600,   2.00000,
,,,00.000000099800,   2.00000,
,,,00.000000100000,   2.00000,
,,,00.000000100200,   2.00000,
,,,00.000000100400,   2.00000,
,,,00.000000100600,   2.00000,
,,,00.000000100800,   2.00000,
,,,00.000000101000,   2.00000,
,,,00.000000101200,   2.00000,
,,,00.000000101400,   2.00000,
,,,00.000000101600,   2.40000,
,,,00.000000101800,   2.40000,
,,,00.000000102000,   2.40000,
,,,00.000000102200,   2.40000,
,,,00.000000102400,   2.40000,
,,,00.000000102600,   2.40000,
,,,00.000000102800,   2.40000,
,,,00.000000103000,   2.40000,
,,,00.000000103200,   2.40000,
,,,00.000000103400,   2.40000,
,,,00.000000103600,   2.80000,
,,,00.000000103800,   2.80000,
,,,00.000000104000,   2.80000,
,,,00.000000104200,   2.80000,
,,,00.000000104400,   2.80000,
,,,00.000000104600,   2.80000,
,,,00.000000104800,   2.80000,
,,,00.000000105000,   2.80000,
,,,00.000000105200,   3.20000,
,,,00.000000105400,   3.20000,
,,,00.000000105600,   3.60000,
,,,00.000000105800,   3.60000,
,,,00.000000106000,   3.20000,
,,,00.000000106200,   3.20000,
,,,00.000000106400,   3.20000,
,,,00.000000106600,   3.20000,
,,,00.000000106800,   2.80000,
,,,00.000000107000,   2.80000,
,,,00.000000107200,   2.80000,
,,,00.000000107400,   2.80000,
,,,00.000000107600,   3.20000,
,,,00.000000107800,   3.20000,
,,,00.000000108000,   3.20000,
,,,00.000000108200,   3.60000,
,,,00.000000108400,   3.60000,
,,,00.000000108600,   4.00000,
,,,00.000000108800,   4.00000,
,,,00.000000109000,   4.00000,
,,,00.000000109200,   4.00000,
,,,00.000000109400,   4.40000,
,,,00.000000109600,   4.40000,
,,,00.000000109800,   4.40000,
,,,00.000000110000,   4.40000,
,,,00.000000110200,   4.40000,
,,,00.000000110400,   4.40000,
,,,00.000000110600,   4.40000,
,,,00.000000110800,   4.40000,
,,,00.000000111000,   4.40000,
,,,00.000000111200,   4.40000,
,,,00.000000111400,   4.40000,
,,,00.000000111600,   4.40000,
,,,00.000000111800,   4.40000,
,,,00.000000112000,   4.00000,
,,,00.000000112200,   4.00000,
,,,00.000000112400,   4.40000,
,,,00.000000112600,   4.40000,
,,,00.000000112800,   4.40000,
,,,00.000000113000,   4.40000,
,,,00.000000113200,   4.80000,
,,,00.000000113400,   4.80000,
,,,00.000000113600,   5.20000,
,,,00.000000113800,   5.20000,
,,,00.000000114000,   4.80000,
,,,00.000000114200,   4.80000,
,,,00.000000114400,   4.80000,
,,,00.000000114600,   4.80000,
,,,00.000000114800,   4.80000,
,,,00.000000115000,   4.40000,
,,,00.000000115200,   4.40000,
,,,00.000000115400,   4.80000,
,,,00.000000115600,   4.80000,
,,,00.000000115800,   4.80000,
,,,00.000000116000,   4.80000,
,,,00.000000116200,   4.80000,
,,,00.000000116400,   4.80000,
,,,00.000000116600,   5.20000,
,,,00.000000116800,   5.20000,
,,,00.000000117000,   5.20000,
,,,00.000000117200,   5.20000,
,,,00.000000117400,   5.20000,
,,,00.000000117600,   5.20000,
,,,00.000000117800,   5.20000,
,,,00.000000118000,   5.20000,
,,,00.000000118200,   5.20000,
,,,00.000000118400,   5.20000,
,,,00.000000118600,   5.60000,
,,,00.000000118800,   5.60000,
,,,00.000000119000,   5.60000,
,,,00.000000119200,   5.60000,
,,,00.000000119400,   5.60000,
,,,00.000000119600,   5.60000,
,,,00.000000119800,   5.20000,
,,,00.000000120000,   5.20000,
,,,00.000000120200,   5.20000,
,,,00.000000120400,   5.20000,
,,,00.000000120600,   5.20000,
,,,00.000000120800,   5.20000,
,,,00.000000121000,   5.20000,
,,,00.000000121200,   5.20000,
,,,00.000000121400,   5.20000,
,,,00.000000121600,   5.60000,
,,,00.000000121800,   5.20000,
,,,00.000000122000,   5.20000,
,,,00.000000122200,   5.20000,
,,,00.000000122400,   5.20000,
,,,00.000000122600,   5.20000,
,,,00.000000122800,   5.20000,
,,,00.000000123000,   5.20000,
,,,00.000000123200,   5.20000,
,,,00.000000123400,   5.20000,
,,,00.000000123600,   5.60000,
,,,00.000000123800,   5.60000,
,,,00.000000124000,   5.60000,
,,,00.000000124200,   5.60000,
,,,00.000000124400,   5.60000,
,,,00.000000124600,   5.60000,
,,,00.000000124800,   5.20000,
,,,00.000000125000,   5.20000,
,,,00.000000125200,   5.20000,
,,,00.000000125400,   5.20000,
,,,00.000000125600,   5.20000,
,,,00.000000125800,   5.20000,
,,,00.000000126000,   5.20000,
,,,00.000000126200,   5.20000,
,,,00.000000126400,   5.20000,
,,,00.000000126600,   5.60000,
,,,00.000000126800,   5.20000,
,,,00.000000127000,   5.20000,
,,,00.000000127200,   5.20000,
,,,00.000000127400,   5.20000,
,,,00.000000127600,   5.20000,
,,,00.000000127800,   5.20000,
,,,00.000000128000,   5.20000,
,,,00.000000128200,   5.20000,
,,,00.000000128400,   5.20000,
,,,00.000000128600,   5.20000,
,,,00.000000128800,   5.20000,
,,,00.000000129000,   5.20000,
,,,00.000000129200,   5.20000,
,,,00.000000129400,   5.20000,
,,,00.000000129600,   5.20000,
,,,00.000000129800,   5.20000,
,,,00.000000130000,   5.20000,
,,,00.000000130200,   5.20000,
,,,00.000000130400,   5.20000,
,,,00.000000130600,   5.20000,
,,,00.000000130800,   5.20000,
,,,00.000000131000,   5.20000,
,,,00.000000131200,   5.20000,
,,,00.000000131400,   5.20000,
,,,00.000000131600,   5.60000,
,,,00.000000131800,   5.60000,
,,,00.000000132000,   5.60000,
,,,00.000000132200,   5.60000,
,,,00.000000132400,   5.60000,
,,,00.000000132600,   5.60000,
,,,00.000000132800,   5.60000,
,,,00.000000133000,   5.60000,
,,,00.000000133200,   5.60000,
,,,00.000000133400,   5.60000,
,,,00.000000133600,   5.60000,
,,,00.000000133800,   5.60000,
,,,00.000000134000,   5.60000,
,,,00.000000134200,   5.60000,
,,,00.000000134400,   5.60000,
,,,00.000000134600,   5.60000,
,,,00.000000134800,   5.60000,
,,,00.000000135000,   5.60000,
,,,00.000000135200,   5.60000,
,,,00.000000135400,   5.60000,
,,,00.000000135600,   5.60000,
,,,00.000000135800,   5.20000,
,,,00.000000136000,   5.20000,
,,,00.000000136200,   5.20000,
,,,00.000000136400,   5.20000,
,,,00.000000136600,   5.20000,
,,,00.000000136800,   5.20000,
,,,00.000000137000,   5.20000,
,,,00.000000137200,   5.20000,
,,,00.000000137400,   5.20000,
,,,00.000000137600,   5.60000,
,,,00.000000137800,   5.60000,
,,,00.000000138000,   5.60000,
,,,00.000000138200,   5.60000,
,,,00.000000138400,   6.00000,
,,,00.000000138600,   6.00000,
,,,00.000000138800,   5.60000,
,,,00.000000139000,   5.60000,
,,,00.000000139200,   5.20000,
,,,00.000000139400,   5.20000,
,,,00.000000139600,   5.20000,
,,,00.000000139800,   5.20000,
,,,00.000000140000,   5.20000,
,,,00.000000140200,   5.20000,
,,,00.000000140400,   5.20000,
,,,00.000000140600,   5.60000,
,,,00.000000140800,   5.60000,
,,,00.000000141000,   5.60000,
,,,00.000000141200,   5.60000,
,,,00.000000141400,   6.00000,
,,,00.000000141600,   6.00000,
,,,00.000000141800,   5.60000,
,,,00.000000142000,   5.60000,
,,,00.000000142200,   5.20000,
,,,00.000000142400,   5.20000,
,,,00.000000142600,   5.20000,
,,,00.000000142800,   5.20000,
,,,00.000000143000,   5.20000,
,,,00.000000143200,   5.20000,
,,,00.000000143400,   5.20000,
,,,00.000000143600,   5.60000,
,,,00.000000143800,   5.60000,
,,,00.000000144000,   5.60000,
,,,00.000000144200,   5.60000,
,,,00.000000144400,   6.00000,
,,,00.000000144600,   6.00000,
,,,00.000000144800,   5.60000,
,,,00.000000145000,   5.60000,
,,,00.000000145200,   5.60000,
,,,00.000000145400,   5.60000,
,,,00.000000145600,   5.60000,
,,,00.000000145800,   5.60000,
,,,00.000000146000,   5.20000,
,,,00.000000146200,   5.20000,
,,,00.000000146400,   5.60000,
,,,00.000000146600,   5.60000,
,,,00.000000146800,   5.60000,
,,,00.000000147000,   5.60000,
,,,00.000000147200,   5.60000,
,,,00.000000147400,   5.60000,
,,,00.000000147600,   6.00000,
,,,00.000000147800,   6.00000,
,,,00.000000148000,   6.00000,
,,,00.000000148200,   6.00000,
,,,00.000000148400,   6.00000,
,,,00.000000148600,   6.00000,
,,,00.000000148800,   6.00000,
,,,00.000000149000,   6.00000,
,,,00.000000149200,   6.00000,
,,,00.000000149400,   6.00000,
,,,00.000000149600,   6.00000,
,,,00.000000149800,   6.00000,
,,,00.000000150000,   6.00000,
,,,00.000000150200,   6.00000,
,,,00.000000150400,   6.00000,
,,,00.000000150600,   6.00000,
,,,00.000000150800,   6.00000,
,,,00.000000151000,   6.00000,
,,,00.000000151200,   6.00000,
,,,00.000000151400,   6.00000,
,,,00.000000151600,   6.00000,
,,,00.000000151800,   6.00000,
,,,00.000000152000,   6.00000,
,,,00.000000152200,   6.00000,
,,,00.000000152400,   6.00000,
,,,00.000000152600,   6.00000,
,,,00.000000152800,   6.00000,
,,,00.000000153000,   6.00000,
,,,00.000000153200,   6.00000,
,,,00.000000153400,   6.00000,
,,,00.000000153600,   6.00000,
,,,00.000000153800,   6.00000,
,,,00.000000154000,   6.00000,
,,,00.000000154200,   6.00000,
,,,00.000000154400,   6.00000,
,,,00.000000154600,   6.00000,
,,,00.000000154800,   6.00000,
,,,00.000000155000,   6.00000,
,,,00.000000155200,   6.00000,
,,,00.000000155400,   6.00000,
,,,00.000000155600,   6.00000,
,,,00.000000155800,   6.00000,
,,,00.000000156000,   6.00000,
,,,00.000000156200,   6.00000,
,,,00.000000156400,   6.00000,
,,,00.000000156600,   6.00000,
,,,00.000000156800,   6.00000,
,,,00.000000157000,   6.00000,
,,,00.000000157200,   6.00000,
,,,00.000000157400,   6.00000,
,,,00.000000157600,   6.40000,
,,,00.000000157800,   6.40000,
,,,00.000000158000,   6.40000,
,,,00.000000158200,   6.40000,
,,,00.000000158400,   6.40000,
,,,00.000000158600,   6.40000,
,,,00.000000158800,   6.00000,
,,,00.000000159000,   6.00000,
,,,00.000000159200,   6.00000,
,,,00.000000159400,   6.00000,
,,,00.000000159600,   6.00000,
,,,00.000000159800,   6.00000,
,,,00.000000160000,   6.00000,
,,,00.000000160200,   6.00000,
,,,00.000000160400,   6.00000,
,,,00.000000160600,   6.40000,
,,,00.000000160800,   6.40000,
,,,00.000000161000,   6.40000,
,,,00.000000161200,   6.40000,
,,,00.000000161400,   6.40000,
,,,00.000000161600,   6.40000,
,,,00.000000161800,   6.00000,
,,,00.000000162000,   6.00000,
,,,00.000000162200,   6.00000,
,,,00.000000162400,   6.00000,
,,,00.000000162600,   6.00000,
,,,00.000000162800,   6.00000,
,,,00.000000163000,   6.00000,
,,,00.000000163200,   6.00000,
,,,00.000000163400,   6.00000,
,,,00.000000163600,   6.40000,
,,,00.000000163800,   6.40000,
,,,00.000000164000,   6.40000,
,,,00.000000164200,   6.40000,
,,,00.000000164400,   6.40000,
,,,00.000000164600,   6.40000,
,,,00.000000164800,   6.00000,
,,,00.000000165000,   6.00000,
,,,00.000000165200,   6.00000,
,,,00.000000165400,   6.00000,
,,,00.000000165600,   6.00000,
,,,00.000000165800,   6.00000,
,,,00.000000166000,   6.00000,
,,,00.000000166200,   6.00000,
,,,00.000000166400,   6.00000,
,,,00.000000166600,   6.40000,
,,,00.000000166800,   6.40000,
,,,00.000000167000,   6.40000,
,,,00.000000167200,   6.40000,
,,,00.000000167400,   6.40000,
,,,00.000000167600,   6.40000,
,,,00.000000167800,   6.00000,
,,,00.000000168000,   6.00000,
,,,00.000000168200,   6.00000,
,,,00.000000168400,   6.00000,
,,,00.000000168600,   6.00000,
,,,00.000000168800,   6.00000,
,,,00.000000169000,   6.00000,
,,,00.000000169200,   6.00000,
,,,00.000000169400,   6.00000,
,,,00.000000169600,   6.40000,
,,,00.000000169800,   6.40000,
,,,00.000000170000,   6.40000,
,,,00.000000170200,   6.40000,
,,,00.000000170400,   6.40000,
,,,00.000000170600,   6.40000,
,,,00.000000170800,   6.40000,
,,,00.000000171000,   6.40000,
,,,00.000000171200,   6.40000,
,,,00.000000171400,   6.40000,
,,,00.000000171600,   6.40000,
,,,00.000000171800,   6.40000,
,,,00.000000172000,   6.40000,
,,,00.000000172200,   6.40000,
,,,00.000000172400,   6.40000,
,,,00.000000172600,   6.40000,
,,,00.000000172800,   6.40000,
,,,00.000000173000,   6.40000,
,,,00.000000173200,   6.40000,
,,,00.000000173400,   6.40000,
,,,00.000000173600,   6.40000,
,,,00.000000173800,   6.40000,
,,,00.000000174000,   6.40000,
,,,00.000000174200,   6.40000,
,,,00.000000174400,   6.40000,
,,,00.000000174600,   6.80000,
,,,00.000000174800,   6.80000,
,,,00.000000175000,   6.80000,
,,,00.000000175200,   6.80000,
,,,00.000000175400,   6.80000,
,,,00.000000175600,   6.80000,
,,,00.000000175800,   6.80000,
,,,00.000000176000,   6.80000,
,,,00.000000176200,   6.80000,
,,,00.000000176400,   6.80000,
,,,00.000000176600,   6.80000,
,,,00.000000176800,   6.80000,
,,,00.000000177000,   6.80000,
,,,00.000000177200,   6.80000,
,,,00.000000177400,   6.80000,
,,,00.000000177600,   6.80000,
,,,00.000000177800,   6.80000,
,,,00.000000178000,   6.80000,
,,,00.000000178200,   6.80000,
,,,00.000000178400,   6.80000,
,,,00.000000178600,   6.80000,
,,,00.000000178800,   6.40000,
,,,00.000000179000,   6.40000,
,,,00.000000179200,   6.40000,
,,,00.000000179400,   6.40000,
,,,00.000000179600,   6.40000,
,,,00.000000179800,   6.00000,
,,,00.000000180000,   6.00000,
,,,00.000000180200,   6.00000,
,,,00.000000180400,   6.00000,
,,,00.000000180600,   6.00000,
,,,00.000000180800,   6.00000,
,,,00.000000181000,   6.00000,
,,,00.000000181200,   6.00000,
,,,00.000000181400,   6.00000,
,,,00.000000181600,   6.40000,
,,,00.000000181800,   6.40000,
,,,00.000000182000,   6.40000,
,,,00.000000182200,   6.40000,
,,,00.000000182400,   6.40000,
,,,00.000000182600,   6.80000,
,,,00.000000182800,   6.80000,
,,,00.000000183000,   6.80000,
,,,00.000000183200,   6.80000,
,,,00.000000183400,   6.80000,
,,,00.000000183600,   6.80000,
,,,00.000000183800,   6.40000,
,,,00.000000184000,   6.40000,
,,,00.000000184200,   6.40000,
,,,00.000000184400,   6.40000,
,,,00.000000184600,   6.40000,
,,,00.000000184800,   6.40000,
,,,00.000000185000,   6.40000,
,,,00.000000185200,   6.40000,
,,,00.000000185400,   6.40000,
,,,00.000000185600,   6.80000,
,,,00.000000185800,   6.80000,
,,,00.000000186000,   6.80000,
,,,00.000000186200,   6.80000,
,,,00.000000186400,   7.20000,
,,,00.000000186600,   7.20000,
,,,00.000000186800,   6.80000,
,,,00.000000187000,   6.80000,
,,,00.000000187200,   6.80000,
,,,00.000000187400,   6.80000,
,,,00.000000187600,   6.80000,
,,,00.000000187800,   6.80000,
,,,00.000000188000,   6.80000,
,,,00.000000188200,   6.80000,
,,,00.000000188400,   6.80000,
,,,00.000000188600,   6.80000,
,,,00.000000188800,   6.80000,
,,,00.000000189000,   6.80000,
,,,00.000000189200,   6.80000,
,,,00.000000189400,   6.80000,
,,,00.000000189600,   6.80000,
,,,00.000000189800,   6.80000,
,,,00.000000190000,   6.80000,
,,,00.000000190200,   6.80000,
,,,00.000000190400,   6.80000,
,,,00.000000190600,   7.20000,
,,,00.000000190800,   7.20000,
,,,00.000000191000,   7.20000,
,,,00.000000191200,   7.20000,
,,,00.000000191400,   7.20000,
,,,00.000000191600,   7.20000,
,,,00.000000191800,   7.20000,
,,,00.000000192000,   7.20000,
,,,00.000000192200,   7.20000,
,,,00.000000192400,   7.20000,
,,,00.000000192600,   7.20000,
,,,00.000000192800,   7.20000,
,,,00.000000193000,   7.20000,
,,,00.000000193200,   7.20000,
,,,00.000000193400,   7.20000,
,,,00.000000193600,   7.60000,
,,,00.000000193800,   7.60000,
,,,00.000000194000,   7.60000,
,,,00.000000194200,   7.60000,
,,,00.000000194400,   7.60000,
,,,00.000000194600,   7.60000,
,,,00.000000194800,   7.60000,
,,,00.000000195000,   7.60000,
,,,00.000000195200,   7.60000,
,,,00.000000195400,   7.60000,
,,,00.000000195600,   8.00000,
,,,00.000000195800,   8.00000,
,,,00.000000196000,   8.00000,
,,,00.000000196200,   8.00000,
,,,00.000000196400,   8.00000,
,,,00.000000196600,   8.00000,
,,,00.000000196800,   8.00000,
,,,00.000000197000,   7.60000,
,,,00.000000197200,   7.60000,
,,,00.000000197400,   8.00000,
,,,00.000000197600,   8.00000,
,,,00.000000197800,   8.00000,
,,,00.000000198000,   8.00000,
,,,00.000000198200,   8.40000,
,,,00.000000198400,   8.40000,
,,,00.000000198600,   8.80000,
,,,00.000000198800,   8.80000,
,,,00.000000199000,   8.80000,
,,,00.000000199200,   8.80000,
,,,00.000000199400,   8.80000,
,,,00.000000199600,   8.80000,
,,,00.000000199800,   8.80000,
,,,00.000000200000,   8.80000,
,,,00.000000200200,   8.80000,
,,,00.000000200400,   8.80000,
,,,00.000000200600,   9.20000,
,,,00.000000200800,   9.20000,
,,,00.000000201000,   9.20000,
,,,00.000000201200,   9.60000,
,,,00.000000201400,   9.60000,
,,,00.000000201600,  10.00000,
,,,00.000000201800,  10.00000,
,,,00.000000202000,  10.00000,
,,,00.000000202200,  10.00000,
,,,00.000000202400,  10.00000,
,,,00.000000202600,  10.40000,
,,,00.000000202800,  10.40000,
,,,00.000000203000,  10.80000,
,,,00.000000203200,  10.80000,
,,,00.000000203400,  11.20000,
,,,00.000000203600,  11.60000,
,,,00.000000203800,  11.60000,
,,,00.000000204000,  12.00000,
,,,00.000000204200,  12.00000,
,,,00.000000204400,  12.00000,
,,,00.000000204600,  12.40000,
,,,00.000000204800,  12.40000,
,,,00.000000205000,  12.40000,
,,,00.000000205200,  12.40000,
,,,00.000000205400,  12.40000,
,,,00.000000205600,  12.80000,
,,,00.000000205800,  12.80000,
,,,00.000000206000,  12.80000,
,,,00.000000206200,  13.20000,
,,,00.000000206400,  13.20000,
,,,00.000000206600,  13.60000,
,,,00.000000206800,  13.60000,
,,,00.000000207000,  14.00000,
,,,00.000000207200,  14.00000,
,,,00.000000207400,  14.40000,
,,,00.000000207600,  14.80000,
,,,00.000000207800,  14.80000,
,,,00.000000208000,  15.20000,
,,,00.000000208200,  15.60000,
,,,00.000000208400,  16.00000,
,,,00.000000208600,  16.40000,
,,,00.000000208800,  16.40000,
,,,00.000000209000,  16.40000,
,,,00.000000209200,  16.40000,
,,,00.000000209400,  16.40000,
,,,00.000000209600,  16.80000,
,,,00.000000209800,  16.80000,
,,,00.000000210000,  16.80000,
,,,00.000000210200,  17.20000,
,,,00.000000210400,  17.20000,
,,,00.000000210600,  17.60000,
,,,00.000000210800,  17.60000,
,,,00.000000211000,  18.00000,
,,,00.000000211200,  18.40000,
,,,00.000000211400,  18.40000,
,,,00.000000211600,  18.80000,
,,,00.000000211800,  18.80000,
,,,00.000000212000,  18.80000,
,,,00.000000212200,  18.80000,
,,,00.000000212400,  18.80000,
,,,00.000000212600,  19.20000,
,,,00.000000212800,  19.20000,
,,,00.000000213000,  19.60000,
,,,00.000000213200,  19.60000,
,,,00.000000213400,  20.00000,
,,,00.000000213600,  20.40000,
,,,00.000000213800,  20.40000,
,,,00.000000214000,  20.80000,
,,,00.000000214200,  20.80000,
,,,00.000000214400,  20.80000,
,,,00.000000214600,  21.20000,
,,,00.000000214800,  21.20000,
,,,00.000000215000,  21.20000,
,,,00.000000215200,  21.20000,
,,,00.000000215400,  21.20000,
,,,00.000000215600,  21.60000,
,,,00.000000215800,  21.60000,
,,,00.000000216000,  21.60000,
,,,00.000000216200,  21.60000,
,,,00.000000216400,  21.60000,
,,,00.000000216600,  22.00000,
,,,00.000000216800,  22.00000,
,,,00.000000217000,  22.00000,
,,,00.000000217200,  22.40000,
,,,00.000000217400,  22.40000,
,,,00.000000217600,  22.80000,
,,,00.000000217800,  22.80000,
,,,00.000000218000,  22.80000,
,,,00.000000218200,  22.80000,
,,,00.000000218400,  23.20000,
,,,00.000000218600,  23.20000,
,,,00.000000218800,  23.20000,
,,,00.000000219000,  23.20000,
,,,00.000000219200,  23.20000,
,,,00.000000219400,  23.20000,
,,,00.000000219600,  23.20000,
,,,00.000000219800,  23.20000,
,,,00.000000220000,  23.20000,
,,,00.000000220200,  23.20000,
,,,00.000000220400,  23.20000,
,,,00.000000220600,  23.60000,
,,,00.000000220800,  23.60000,
,,,00.000000221000,  23.60000,
,,,00.000000221200,  23.60000,
,,,00.000000221400,  23.60000,
,,,00.000000221600,  23.60000,
,,,00.000000221800,  23.60000,
,,,00.000000222000,  23.60000,
,,,00.000000222200,  23.60000,
,,,00.000000222400,  23.60000,
,,,00.000000222600,  24.00000,
,,,00.000000222800,  24.00000,
,,,00.000000223000,  24.00000,
,,,00.000000223200,  24.00000,
,,,00.000000223400,  24.00000,
,,,00.000000223600,  24.00000,
,,,00.000000223800,  23.60000,
,,,00.000000224000,  23.60000,
,,,00.000000224200,  23.60000,
,,,00.000000224400,  23.60000,
,,,00.000000224600,  23.60000,
,,,00.000000224800,  23.60000,
,,,00.000000225000,  23.20000,
,,,00.000000225200,  23.20000,
,,,00.000000225400,  23.60000,
,,,00.000000225600,  23.60000,
,,,00.000000225800,  23.60000,
,,,00.000000226000,  23.60000,
,,,00.000000226200,  23.60000,
,,,00.000000226400,  23.60000,
,,,00.000000226600,  24.00000,
,,,00.000000226800,  23.60000,
,,,00.000000227000,  23.60000,
,,,00.000000227200,  23.60000,
,,,00.000000227400,  23.60000,
,,,00.000000227600,  23.60000,
,,,00.000000227800,  23.60000,
,,,00.000000228000,  23.60000,
,,,00.000000228200,  23.60000,
,,,00.000000228400,  23.60000,
,,,00.000000228600,  24.00000,
,,,00.000000228800,  24.00000,
,,,00.000000229000,  24.00000,
,,,00.000000229200,  24.00000,
,,,00.000000229400,  24.00000,
,,,00.000000229600,  24.00000,
,,,00.000000229800,  23.60000,
,,,00.000000230000,  23.60000,
,,,00.000000230200,  23.20000,
,,,00.000000230400,  23.20000,
,,,00.000000230600,  23.20000,
,,,00.000000230800,  23.20000,
,,,00.000000231000,  23.20000,
,,,00.000000231200,  23.20000,
,,,00.000000231400,  23.20000,
,,,00.000000231600,  23.60000,
,,,00.000000231800,  23.60000,
,,,00.000000232000,  23.60000,
,,,00.000000232200,  23.60000,
,,,00.000000232400,  23.60000,
,,,00.000000232600,  24.00000,
,,,00.000000232800,  24.00000,
,,,00.000000233000,  24.00000,
,,,00.000000233200,  24.00000,
,,,00.000000233400,  24.00000,
,,,00.000000233600,  24.00000,
,,,00.000000233800,  24.00000,
,,,00.000000234000,  24.00000,
,,,00.000000234200,  24.00000,
,,,00.000000234400,  24.00000,
,,,00.000000234600,  24.00000,
,,,00.000000234800,  24.00000,
,,,00.000000235000,  24.00000,
,,,00.000000235200,  24.00000,
,,,00.000000235400,  24.00000,
,,,00.000000235600,  24.40000,
,,,00.000000235800,  24.40000,
,,,00.000000236000,  24.40000,
,,,00.000000236200,  24.40000,
,,,00.000000236400,  24.40000,
,,,00.000000236600,  24.80000,
,,,00.000000236800,  24.80000,
,,,00.000000237000,  24.80000,
,,,00.000000237200,  24.80000,
,,,00.000000237400,  24.80000,
,,,00.000000237600,  24.80000,
,,,00.000000237800,  24.40000,
,,,00.000000238000,  24.40000,
,,,00.000000238200,  24.40000,
,,,00.000000238400,  24.40000,
,,,00.000000238600,  24.40000,
,,,00.000000238800,  24.40000,
,,,00.000000239000,  24.00000,
,,,00.000000239200,  24.00000,
,,,00.000000239400,  24.40000,
,,,00.000000239600,  24.40000,
,,,00.000000239800,  24.40000,
,,,00.000000240000,  24.40000,
,,,00.000000240200,  24.40000,
,,,00.000000240400,  24.40000,
,,,00.000000240600,  24.80000,
,,,00.000000240800,  24.40000,
,,,00.000000241000,  24.40000,
,,,00.000000241200,  24.40000,
,,,00.000000241400,  24.40000,
,,,00.000000241600,  24.40000,
,,,00.000000241800,  24.40000,
,,,00.000000242000,  24.40000,
,,,00.000000242200,  24.40000,
,,,00.000000242400,  24.40000,
,,,00.000000242600,  24.80000,
,,,00.000000242800,  24.80000,
,,,00.000000243000,  24.80000,
,,,00.000000243200,  24.80000,
,,,00.000000243400,  25.20000,
,,,00.000000243600,  25.20000,
,,,00.000000243800,  24.80000,
,,,00.000000244000,  24.80000,
,,,00.000000244200,  24.80000,
,,,00.000000244400,  24.80000,
,,,00.000000244600,  24.80000,
,,,00.000000244800,  24.80000,
,,,00.000000245000,  24.80000,
,,,00.000000245200,  24.80000,
,,,00.000000245400,  24.80000,
,,,00.000000245600,  25.20000,
,,,00.000000245800,  25.20000,
,,,00.000000246000,  25.20000,
,,,00.000000246200,  25.20000,
,,,00.000000246400,  25.20000,
,,,00.000000246600,  25.20000,
,,,00.000000246800,  25.20000,
,,,00.000000247000,  25.20000,
,,,00.000000247200,  25.20000,
,,,00.000000247400,  25.20000,
,,,00.000000247600,  25.60000,
,,,00.000000247800,  25.20000,
,,,00.000000248000,  25.20000,
,,,00.000000248200,  25.20000,
,,,00.000000248400,  25.20000,
,,,00.000000248600,  25.20000,
,,,00.000000248800,  25.20000,
,,,00.000000249000,  24.80000,
,,,00.000000249200,  24.80000,
,,,00.000000249400,  25.20000,
,,,00.000000249600,  25.20000,
,,,00.000000249800,  25.20000,
,,,00.000000250000,  25.20000,
,,,00.000000250200,  25.20000,
,,,00.000000250400,  25.20000,
,,,00.000000250600,  25.60000,
,,,00.000000250800,  25.60000,
,,,00.000000251000,  25.60000,
,,,00.000000251200,  25.60000,
,,,00.000000251400,  25.60000,
,,,00.000000251600,  25.60000,
,,,00.000000251800,  25.60000,
,,,00.000000252000,  25.60000,
,,,00.000000252200,  25.60000,
,,,00.000000252400,  25.60000,
,,,00.000000252600,  25.60000,
,,,00.000000252800,  25.20000,
,,,00.000000253000,  25.20000,
,,,00.000000253200,  25.20000,
,,,00.000000253400,  25.20000,
,,,00.000000253600,  25.20000,
,,,00.000000253800,  25.20000,
,,,00.000000254000,  25.20000,
,,,00.000000254200,  25.60000,
,,,00.000000254400,  25.60000,
,,,00.000000254600,  26.00000,
,,,00.000000254800,  26.00000,
,,,00.000000255000,  25.60000,
,,,00.000000255200,  25.60000,
,,,00.000000255400,  25.60000,
,,,00.000000255600,  25.60000,
,,,00.000000255800,  25.60000,
,,,00.000000256000,  25.20000,
,,,00.000000256200,  25.20000,
,,,00.000000256400,  25.60000,
,,,00.000000256600,  25.60000,
,,,00.000000256800,  25.60000,
,,,00.000000257000,  25.60000,
,,,00.000000257200,  25.60000,
,,,00.000000257400,  25.60000,
,,,00.000000257600,  26.00000,
,,,00.000000257800,  26.00000,
,,,00.000000258000,  26.00000,
,,,00.000000258200,  26.00000,
,,,00.000000258400,  26.00000,
,,,00.000000258600,  26.00000,
,,,00.000000258800,  26.00000,
,,,00.000000259000,  26.00000,
,,,00.000000259200,  26.00000,
,,,00.000000259400,  26.00000,
,,,00.000000259600,  26.00000,
,,,00.000000259800,  25.60000,
,,,00.000000260000,  25.60000,
,,,00.000000260200,  25.60000,
,,,00.000000260400,  25.60000,
,,,00.000000260600,  25.60000,
,,,00.000000260800,  25.60000,
,,,00.000000261000,  25.20000,
,,,00.000000261200,  25.20000,
,,,00.000000261400,  25.60000,
,,,00.000000261600,  25.60000,
,,,00.000000261800,  25.60000,
,,,00.000000262000,  25.60000,
,,,00.000000262200,  25.60000,
,,,00.000000262400,  25.60000,
,,,00.000000262600,  26.00000,
,,,00.000000262800,  25.60000,
,,,00.000000263000,  25.60000,
,,,00.000000263200,  25.60000,
,,,00.000000263400,  25.60000,
,,,00.000000263600,  25.60000,
,,,00.000000263800,  25.60000,
,,,00.000000264000,  25.20000,
,,,00.000000264200,  25.20000,
,,,00.000000264400,  25.60000,
,,,00.000000264600,  25.60000,
,,,00.000000264800,  25.60000,
,,,00.000000265000,  25.60000,
,,,00.000000265200,  25.60000,
,,,00.000000265400,  25.60000,
,,,00.000000265600,  26.00000,
,,,00.000000265800,  25.60000,
,,,00.000000266000,  25.60000,
,,,00.000000266200,  25.60000,
,,,00.000000266400,  25.60000,
,,,00.000000266600,  25.60000,
,,,00.000000266800,  25.60000,
,,,00.000000267000,  25.60000,
,,,00.000000267200,  25.60000,
,,,00.000000267400,  25.60000,
,,,00.000000267600,  26.00000,
,,,00.000000267800,  25.60000,
,,,00.000000268000,  25.60000,
,,,00.000000268200,  25.60000,
,,,00.000000268400,  25.60000,
,,,00.000000268600,  25.60000,
,,,00.000000268800,  25.60000,
,,,00.000000269000,  25.60000,
,,,00.000000269200,  25.60000,
,,,00.000000269400,  25.60000,
,,,00.000000269600,  26.00000,
,,,00.000000269800,  26.00000,
,,,00.000000270000,  26.00000,
,,,00.000000270200,  26.00000,
,,,00.000000270400,  26.00000,
,,,00.000000270600,  26.00000,
,,,00.000000270800,  26.00000,
,,,00.000000271000,  26.00000,
,,,00.000000271200,  26.00000,
,,,00.000000271400,  26.00000,
,,,00.000000271600,  26.40000,
,,,00.000000271800,  26.00000,
,,,00.000000272000,  26.00000,
,,,00.000000272200,  26.00000,
,,,00.000000272400,  26.00000,
,,,00.000000272600,  26.00000,
,,,00.000000272800,  26.00000,
,,,00.000000273000,  26.00000,
,,,00.000000273200,  26.00000,
,,,00.000000273400,  26.00000,
,,,00.000000273600,  26.40000,
,,,00.000000273800,  26.40000,
,,,00.000000274000,  26.40000,
,,,00.000000274200,  26.40000,
,,,00.000000274400,  26.80000,
,,,00.000000274600,  26.80000,
,,,00.000000274800,  26.40000,
,,,00.000000275000,  26.40000,
,,,00.000000275200,  26.40000,
,,,00.000000275400,  26.40000,
,,,00.000000275600,  26.40000,
,,,00.000000275800,  26.40000,
,,,00.000000276000,  26.40000,
,,,00.000000276200,  26.40000,
,,,00.000000276400,  26.40000,
,,,00.000000276600,  26.40000,
,,,00.000000276800,  26.40000,
,,,00.000000277000,  26.40000,
,,,00.000000277200,  26.40000,
,,,00.000000277400,  26.40000,
,,,00.000000277600,  26.40000,
,,,00.000000277800,  26.00000,
,,,00.000000278000,  26.00000,
,,,00.000000278200,  26.00000,
,,,00.000000278400,  26.00000,
,,,00.000000278600,  26.00000,
,,,00.000000278800,  26.00000,
,,,00.000000279000,  25.60000,
,,,00.000000279200,  25.60000,
,,,00.000000279400,  26.00000,
,,,00.000000279600,  26.00000,
,,,00.000000279800,  26.00000,
,,,00.000000280000,  26.00000,
,,,00.000000280200,  26.00000,
,,,00.000000280400,  26.00000,
,,,00.000000280600,  26.40000,
,,,00.000000280800,  26.00000,
,,,00.000000281000,  26.00000,
,,,00.000000281200,  26.00000,
,,,00.000000281400,  26.00000,
,,,00.000000281600,  26.00000,
,,,00.000000281800,  26.00000,
,,,00.000000282000,  25.60000,
,,,00.000000282200,  25.60000,
,,,00.000000282400,  26.00000,
,,,00.000000282600,  26.00000,
,,,00.000000282800,  26.00000,
,,,00.000000283000,  26.00000,
,,,00.000000283200,  26.00000,
,,,00.000000283400,  26.00000,
,,,00.000000283600,  26.40000,
,,,00.000000283800,  26.40000,
,,,00.000000284000,  26.40000,
,,,00.000000284200,  26.40000,
,,,00.000000284400,  26.80000,
,,,00.000000284600,  26.80000,
,,,00.000000284800,  26.40000,
,,,00.000000285000,  26.40000,
,,,00.000000285200,  26.40000,
,,,00.000000285400,  26.40000,
,,,00.000000285600,  26.40000,
,,,00.000000285800,  26.40000,
,,,00.000000286000,  26.40000,
,,,00.000000286200,  26.40000,
,,,00.000000286400,  26.40000,
,,,00.000000286600,  26.80000,
,,,00.000000286800,  26.80000,
,,,00.000000287000,  26.80000,
,,,00.000000287200,  26.80000,
,,,00.000000287400,  26.80000,
,,,00.000000287600,  26.80000,
,,,00.000000287800,  26.40000,
,,,00.000000288000,  26.40000,
,,,00.000000288200,  26.40000,
,,,00.000000288400,  26.40000,
,,,00.000000288600,  26.40000,
,,,00.000000288800,  26.40000,
,,,00.000000289000,  26.40000,
,,,00.000000289200,  26.40000,
,,,00.000000289400,  26.40000,
,,,00.000000289600,  26.80000,
,,,00.000000289800,  26.80000,
,,,00.000000290000,  26.80000,
,,,00.000000290200,  26.80000,
,,,00.000000290400,  26.80000,
,,,00.000000290600,  26.80000,
,,,00.000000290800,  26.40000,
,,,00.000000291000,  26.40000,
,,,00.000000291200,  26.40000,
,,,00.000000291400,  26.40000,
,,,00.000000291600,  26.40000,
,,,00.000000291800,  26.40000,
,,,00.000000292000,  26.40000,
,,,00.000000292200,  26.40000,
,,,00.000000292400,  26.40000,
,,,00.000000292600,  26.40000,
,,,00.000000292800,  26.40000,
,,,00.000000293000,  26.40000,
,,,00.000000293200,  26.40000,
,,,00.000000293400,  26.40000,
,,,00.000000293600,  26.40000,
,,,00.000000293800,  26.40000,
,,,00.000000294000,  26.40000,
,,,00.000000294200,  26.40000,
,,,00.000000294400,  26.40000,
,,,00.000000294600,  26.80000,
,,,00.000000294800,  26.80000,
,,,00.000000295000,  26.80000,
,,,00.000000295200,  26.80000,
,,,00.000000295400,  26.80000,
,,,00.000000295600,  26.80000,
,,,00.000000295800,  26.40000,
,,,00.000000296000,  26.40000,
,,,00.000000296200,  26.40000,
,,,00.000000296400,  26.40000,
,,,00.000000296600,  26.40000,
,,,00.000000296800,  26.40000,
,,,00.000000297000,  26.40000,
,,,00.000000297200,  26.40000,
,,,00.000000297400,  26.40000,
,,,00.000000297600,  26.40000,
,,,00.000000297800,  26.40000,
,,,00.000000298000,  26.40000,
,,,00.000000298200,  26.40000,
,,,00.000000298400,  26.40000,
,,,00.000000298600,  26.40000,
,,,00.000000298800,  26.40000,
,,,00.000000299000,  26.40000,
,,,00.000000299200,  26.40000,
,,,00.000000299400,  26.40000,
,,,00.000000299600,  26.40000,
,,,00.000000299800,  26.40000,
,,,00.000000300000,  26.40000,
,,,00.000000300200,  26.40000,
,,,00.000000300400,  26.40000,
,,,00.000000300600,  26.80000,
,,,00.000000300800,  26.80000,
,,,00.000000301000,  26.40000,
,,,00.000000301200,  26.40000,
,,,00.000000301400,  26.40000,
,,,00.000000301600,  26.40000,
,,,00.000000301800,  26.00000,
,,,00.000000302000,  26.00000,
,,,00.000000302200,  26.00000,
,,,00.000000302400,  26.00000,
,,,00.000000302600,  26.00000,
,,,00.000000302800,  26.00000,
,,,00.000000303000,  26.00000,
,,,00.000000303200,  26.00000,
,,,00.000000303400,  26.00000,
,,,00.000000303600,  26.00000,
,,,00.000000303800,  26.00000,
,,,00.000000304000,  26.00000,
,,,00.000000304200,  26.00000,
,,,00.000000304400,  26.00000,
,,,00.000000304600,  26.00000,
,,,00.000000304800,  26.00000,
,,,00.000000305000,  26.00000,
,,,00.000000305200,  26.00000,
,,,00.000000305400,  26.00000,
,,,00.000000305600,  26.40000,
,,,00.000000305800,  26.40000,
,,,00.000000306000,  26.40000,
,,,00.000000306200,  26.40000,
,,,00.000000306400,  26.40000,
,,,00.000000306600,  26.40000,
,,,00.000000306800,  26.00000,
,,,00.000000307000,  26.00000,
,,,00.000000307200,  25.60000,
,,,00.000000307400,  25.60000,
,,,00.000000307600,  25.60000,
,,,00.000000307800,  25.60000,
,,,00.000000308000,  25.60000,
,,,00.000000308200,  25.60000,
,,,00.000000308400,  25.60000,
,,,00.000000308600,  25.60000,
,,,00.000000308800,  25.20000,
,,,00.000000309000,  25.20000,
,,,00.000000309200,  25.20000,
,,,00.000000309400,  25.20000,
,,,00.000000309600,  25.20000,
,,,00.000000309800,  24.80000,
,,,00.000000310000,  24.80000,
,,,00.000000310200,  24.80000,
,,,00.000000310400,  24.80000,
,,,00.000000310600,  24.80000,
,,,00.000000310800,  24.80000,
,,,00.000000311000,  24.80000,
,,,00.000000311200,  24.80000,
,,,00.000000311400,  24.80000,
,,,00.000000311600,  25.20000,
,,,00.000000311800,  25.20000,
,,,00.000000312000,  25.20000,
,,,00.000000312200,  25.20000,
,,,00.000000312400,  25.20000,
,,,00.000000312600,  25.20000,
,,,00.000000312800,  24.80000,
,,,00.000000313000,  24.80000,
,,,00.000000313200,  24.80000,
,,,00.000000313400,  24.80000,
,,,00.000000313600,  24.80000,
,,,00.000000313800,  24.40000,
,,,00.000000314000,  24.40000,
,,,00.000000314200,  24.40000,
,,,00.000000314400,  24.40000,
,,,00.000000314600,  24.40000,
,,,00.000000314800,  24.40000,
,,,00.000000315000,  24.40000,
,,,00.000000315200,  24.40000,
,,,00.000000315400,  24.40000,
,,,00.000000315600,  24.40000,
,,,00.000000315800,  24.40000,
,,,00.000000316000,  24.40000,
,,,00.000000316200,  24.40000,
,,,00.000000316400,  24.40000,
,,,00.000000316600,  24.40000,
,,,00.000000316800,  24.40000,
,,,00.000000317000,  24.40000,
,,,00.000000317200,  24.40000,
,,,00.000000317400,  24.40000,
,,,00.000000317600,  24.40000,
,,,00.000000317800,  24.40000,
,,,00.000000318000,  24.40000,
,,,00.000000318200,  24.40000,
,,,00.000000318400,  24.40000,
,,,00.000000318600,  24.40000,
,,,00.000000318800,  24.40000,
,,,00.000000319000,  24.40000,
,,,00.000000319200,  24.40000,
,,,00.000000319400,  24.40000,
,,,00.000000319600,  24.40000,
,,,00.000000319800,  24.40000,
,,,00.000000320000,  24.40000,
,,,00.000000320200,  24.40000,
,,,00.000000320400,  24.40000,
,,,00.000000320600,  24.40000,
,,,00.000000320800,  24.40000,
,,,00.000000321000,  24.40000,
,,,00.000000321200,  24.40000,
,,,00.000000321400,  24.40000,
,,,00.000000321600,  24.40000,
,,,00.000000321800,  24.40000,
,,,00.000000322000,  24.40000,
,,,00.000000322200,  24.40000,
,,,00.000000322400,  24.40000,
,,,00.000000322600,  24.40000,
,,,00.000000322800,  24.00000,
,,,00.000000323000,  24.00000,
,,,00.000000323200,  24.00000,
,,,00.000000323400,  24.00000,
,,,00.000000323600,  24.00000,
,,,00.000000323800,  24.00000,
,,,00.000000324000,  24.00000,
,,,00.000000324200,  24.00000,
,,,00.000000324400,  24.00000,
,,,00.000000324600,  24.40000,
,,,00.000000324800,  24.40000,
,,,00.000000325000,  24.40000,
,,,00.000000325200,  24.40000,
,,,00.000000325400,  24.40000,
,,,00.000000325600,  24.40000,
,,,00.000000325800,  24.40000,
,,,00.000000326000,  24.40000,
,,,00.000000326200,  24.40000,
,,,00.000000326400,  24.40000,
,,,00.000000326600,  24.40000,
,,,00.000000326800,  24.40000,
,,,00.000000327000,  24.40000,
,,,00.000000327200,  24.40000,
,,,00.000000327400,  24.40000,
,,,00.000000327600,  24.40000,
,,,00.000000327800,  24.40000,
,,,00.000000328000,  24.40000,
,,,00.000000328200,  24.40000,
,,,00.000000328400,  24.40000,
,,,00.000000328600,  24.40000,
,,,00.000000328800,  24.00000,
,,,00.000000329000,  24.00000,
,,,00.000000329200,  23.60000,
,,,00.000000329400,  23.60000,
,,,00.000000329600,  23.60000,
,,,00.000000329800,  23.20000,
,,,00.000000330000,  23.20000,
,,,00.000000330200,  23.20000,
,,,00.000000330400,  23.20000,
,,,00.000000330600,  23.60000,
,,,00.000000330800,  23.60000,
,,,00.000000331000,  23.60000,
,,,00.000000331200,  23.60000,
,,,00.000000331400,  23.60000,
,,,00.000000331600,  24.00000,
,,,00.000000331800,  24.00000,
,,,00.000000332000,  24.00000,
,,,00.000000332200,  24.00000,
,,,00.000000332400,  24.00000,
,,,00.000000332600,  24.00000,
,,,00.000000332800,  24.00000,
,,,00.000000333000,  24.00000,
,,,00.000000333200,  24.00000,
,,,00.000000333400,  24.00000,
,,,00.000000333600,  24.00000,
,,,00.000000333800,  24.00000,
,,,00.000000334000,  24.00000,
,,,00.000000334200,  24.00000,
,,,00.000000334400,  24.00000,
,,,00.000000334600,  24.00000,
,,,00.000000334800,  23.60000,
,,,00.000000335000,  23.60000,
,,,00.000000335200,  23.60000,
,,,00.000000335400,  23.60000,
,,,00.000000335600,  23.60000,
,,,00.000000335800,  23.20000,
,,,00.000000336000,  23.20000,
,,,00.000000336200,  23.20000,
,,,00.000000336400,  23.20000,
,,,00.000000336600,  23.60000,
,,,00.000000336800,  23.60000,
,,,00.000000337000,  23.60000,
,,,00.000000337200,  24.00000,
,,,00.000000337400,  24.00000,
,,,00.000000337600,  24.40000,
,,,00.000000337800,  24.40000,
,,,00.000000338000,  24.40000,
,,,00.000000338200,  24.40000,
,,,00.000000338400,  24.40000,
,,,00.000000338600,  24.40000,
,,,00.000000338800,  24.40000,
,,,00.000000339000,  24.40000,
,,,00.000000339200,  24.40000,
,,,00.000000339400,  24.40000,
,,,00.000000339600,  24.40000,
,,,00.000000339800,  24.00000,
,,,00.000000340000,  24.00000,
,,,00.000000340200,  24.00000,
,,,00.000000340400,  24.00000,
,,,00.000000340600,  24.00000,
,,,00.000000340800,  23.60000,
,,,00.000000341000,  23.60000,
,,,00.000000341200,  23.60000,
,,,00.000000341400,  23.60000,
,,,00.000000341600,  23.60000,
,,,00.000000341800,  23.60000,
,,,00.000000342000,  23.60000,
,,,00.000000342200,  23.60000,
,,,00.000000342400,  23.60000,
,,,00.000000342600,  23.60000,
,,,00.000000342800,  23.60000,
,,,00.000000343000,  23.60000,
,,,00.000000343200,  23.60000,
,,,00.000000343400,  23.60000,
,,,00.000000343600,  23.60000,
,,,00.000000343800,  23.60000,
,,,00.000000344000,  23.60000,
,,,00.000000344200,  23.60000,
,,,00.000000344400,  23.60000,
,,,00.000000344600,  24.00000,
,,,00.000000344800,  24.00000,
,,,00.000000345000,  24.00000,
,,,00.000000345200,  24.00000,
,,,00.000000345400,  24.40000,
,,,00.000000345600,  24.40000,
,,,00.000000345800,  24.00000,
,,,00.000000346000,  24.00000,
,,,00.000000346200,  24.00000,
,,,00.000000346400,  24.00000,
,,,00.000000346600,  24.00000,
,,,00.000000346800,  24.00000,
,,,00.000000347000,  24.00000,
,,,00.000000347200,  24.00000,
,,,00.000000347400,  24.00000,
,,,00.000000347600,  24.00000,
,,,00.000000347800,  23.60000,
,,,00.000000348000,  23.60000,
,,,00.000000348200,  23.60000,
,,,00.000000348400,  23.60000,
,,,00.000000348600,  23.60000,
,,,00.000000348800,  23.60000,
,,,00.000000349000,  23.60000,
,,,00.000000349200,  23.60000,
,,,00.000000349400,  23.60000,
,,,00.000000349600,  24.00000,
,,,00.000000349800,  24.00000,
,,,00.000000350000,  24.00000,
,,,00.000000350200,  24.00000,
,,,00.000000350400,  24.00000,
,,,00.000000350600,  24.00000,
,,,00.000000350800,  24.00000,
,,,00.000000351000,  24.00000,
,,,00.000000351200,  24.00000,
,,,00.000000351400,  24.00000,
,,,00.000000351600,  24.00000,
,,,00.000000351800,  23.60000,
,,,00.000000352000,  23.60000,
,,,00.000000352200,  23.60000,
,,,00.000000352400,  23.60000,
,,,00.000000352600,  23.60000,
,,,00.000000352800,  23.60000,
,,,00.000000353000,  23.60000,
,,,00.000000353200,  23.60000,
,,,00.000000353400,  23.60000,
,,,00.000000353600,  23.60000,
,,,00.000000353800,  23.60000,
,,,00.000000354000,  23.60000,
,,,00.000000354200,  23.60000,
,,,00.000000354400,  23.60000,
,,,00.000000354600,  23.60000,
,,,00.000000354800,  23.60000,
,,,00.000000355000,  23.60000,
,,,00.000000355200,  23.60000,
,,,00.000000355400,  23.60000,
,,,00.000000355600,  24.00000,
,,,00.000000355800,  23.60000,
,,,00.000000356000,  23.60000,
,,,00.000000356200,  23.60000,
,,,00.000000356400,  23.60000,
,,,00.000000356600,  23.60000,
,,,00.000000356800,  23.60000,
,,,00.000000357000,  23.60000,
,,,00.000000357200,  23.60000,
,,,00.000000357400,  23.60000,
,,,00.000000357600,  23.60000,
,,,00.000000357800,  23.60000,
,,,00.000000358000,  23.60000,
,,,00.000000358200,  23.60000,
,,,00.000000358400,  23.60000,
,,,00.000000358600,  23.60000,
,,,00.000000358800,  23.60000,
,,,00.000000359000,  23.60000,
,,,00.000000359200,  23.60000,
,,,00.000000359400,  23.60000,
,,,00.000000359600,  23.60000,
,,,00.000000359800,  23.20000,
,,,00.000000360000,  23.20000,
,,,00.000000360200,  23.20000,
,,,00.000000360400,  23.20000,
,,,00.000000360600,  23.20000,
,,,00.000000360800,  23.20000,
,,,00.000000361000,  22.80000,
,,,00.000000361200,  22.80000,
,,,00.000000361400,  23.20000,
,,,00.000000361600,  23.20000,
,,,00.000000361800,  23.20000,
,,,00.000000362000,  23.20000,
,,,00.000000362200,  23.20000,
,,,00.000000362400,  23.20000,
,,,00.000000362600,  23.60000,
,,,00.000000362800,  23.60000,
,,,00.000000363000,  23.60000,
,,,00.000000363200,  23.60000,
,,,00.000000363400,  23.60000,
,,,00.000000363600,  23.60000,
,,,00.000000363800,  23.60000,
,,,00.000000364000,  23.60000,
,,,00.000000364200,  23.60000,
,,,00.000000364400,  23.60000,
,,,00.000000364600,  23.60000,
,,,00.000000364800,  23.60000,
,,,00.000000365000,  23.60000,
,,,00.000000365200,  23.60000,
,,,00.000000365400,  23.60000,
,,,00.000000365600,  23.60000,
,,,00.000000365800,  23.60000,
,,,00.000000366000,  23.60000,
,,,00.000000366200,  23.60000,
,,,00.000000366400,  23.60000,
,,,00.000000366600,  23.60000,
,,,00.000000366800,  23.60000,
,,,00.000000367000,  23.60000,
,,,00.000000367200,  23.60000,
,,,00.000000367400,  23.60000,
,,,00.000000367600,  23.60000,
,,,00.000000367800,  23.20000,
,,,00.000000368000,  23.20000,
,,,00.000000368200,  23.20000,
,,,00.000000368400,  23.20000,
,,,00.000000368600,  23.20000,
,,,00.000000368800,  22.80000,
,,,00.000000369000,  22.80000,
,,,00.000000369200,  22.80000,
,,,00.000000369400,  22.80000,
,,,00.000000369600,  23.20000,
,,,00.000000369800,  23.20000,
,,,00.000000370000,  23.20000,
,,,00.000000370200,  23.60000,
,,,00.000000370400,  23.60000,
,,,00.000000370600,  24.00000,
,,,00.000000370800,  24.00000,
,,,00.000000371000,  23.60000,
,,,00.000000371200,  23.60000,
,,,00.000000371400,  23.60000,
,,,00.000000371600,  23.60000,
,,,00.000000371800,  23.20000,
,,,00.000000372000,  23.20000,
,,,00.000000372200,  23.20000,
,,,00.000000372400,  23.20000,
,,,00.000000372600,  23.20000,
,,,00.000000372800,  23.20000,
,,,00.000000373000,  23.20000,
,,,00.000000373200,  23.20000,
,,,00.000000373400,  23.20000,
,,,00.000000373600,  23.60000,
,,,00.000000373800,  23.60000,
,,,00.000000374000,  23.60000,
,,,00.000000374200,  23.60000,
,,,00.000000374400,  23.60000,
,,,00.000000374600,  23.60000,
,,,00.000000374800,  23.60000,
,,,00.000000375000,  23.60000,
,,,00.000000375200,  23.60000,
,,,00.000000375400,  23.60000,
,,,00.000000375600,  23.60000,
,,,00.000000375800,  23.60000,
,,,00.000000376000,  23.60000,
,,,00.000000376200,  23.60000,
,,,00.000000376400,  23.60000,
,,,00.000000376600,  23.60000,
,,,00.000000376800,  23.60000,
,,,00.000000377000,  23.60000,
,,,00.000000377200,  23.60000,
,,,00.000000377400,  23.60000,
,,,00.000000377600,  23.60000,
,,,00.000000377800,  23.60000,
,,,00.000000378000,  23.60000,
,,,00.000000378200,  23.60000,
,,,00.000000378400,  23.60000,
,,,00.000000378600,  23.60000,
,,,00.000000378800,  23.60000,
,,,00.000000379000,  23.60000,
,,,00.000000379200,  23.60000,
,,,00.000000379400,  23.60000,
,,,00.000000379600,  24.00000,
,,,00.000000379800,  23.60000,
,,,00.000000380000,  23.60000,
,,,00.000000380200,  23.60000,
,,,00.000000380400,  23.60000,
,,,00.000000380600,  23.60000,
,,,00.000000380800,  23.60000,
,,,00.000000381000,  23.60000,
,,,00.000000381200,  23.60000,
,,,00.000000381400,  23.60000,
,,,00.000000381600,  24.00000,
,,,00.000000381800,  24.00000,
,,,00.000000382000,  24.00000,
,,,00.000000382200,  24.00000,
,,,00.000000382400,  24.00000,
,,,00.000000382600,  24.00000,
,,,00.000000382800,  23.60000,
,,,00.000000383000,  23.60000,
,,,00.000000383200,  23.60000,
,,,00.000000383400,  23.60000,
,,,00.000000383600,  23.60000,
,,,00.000000383800,  23.60000,
,,,00.000000384000,  23.60000,
,,,00.000000384200,  23.60000,
,,,00.000000384400,  23.60000,
,,,00.000000384600,  24.00000,
,,,00.000000384800,  24.00000,
,,,00.000000385000,  24.00000,
,,,00.000000385200,  24.00000,
,,,00.000000385400,  24.00000,
,,,00.000000385600,  24.00000,
,,,00.000000385800,  23.60000,
,,,00.000000386000,  23.60000,
,,,00.000000386200,  23.20000,
,,,00.000000386400,  23.20000,
,,,00.000000386600,  23.20000,
,,,00.000000386800,  23.20000,
,,,00.000000387000,  22.80000,
,,,00.000000387200,  23.20000,
,,,00.000000387400,  23.20000,
,,,00.000000387600,  23.20000,
,,,00.000000387800,  23.20000,
,,,00.000000388000,  23.20000,
,,,00.000000388200,  23.20000,
,,,00.000000388400,  23.20000,
,,,00.000000388600,  23.20000,
,,,00.000000388800,  23.20000,
,,,00.000000389000,  23.20000,
,,,00.000000389200,  23.20000,
,,,00.000000389400,  23.20000,
,,,00.000000389600,  23.60000,
,,,00.000000389800,  23.60000,
,,,00.000000390000,  23.60000,
,,,00.000000390200,  23.60000,
,,,00.000000390400,  24.00000,
,,,00.000000390600,  24.00000,
,,,00.000000390800,  23.60000,
,,,00.000000391000,  23.60000,
,,,00.000000391200,  23.20000,
,,,00.000000391400,  23.20000,
,,,00.000000391600,  23.20000,
,,,00.000000391800,  23.20000,
,,,00.000000392000,  23.20000,
,,,00.000000392200,  23.20000,
,,,00.000000392400,  23.20000,
,,,00.000000392600,  23.60000,
,,,00.000000392800,  23.20000,
,,,00.000000393000,  23.20000,
,,,00.000000393200,  23.20000,
,,,00.000000393400,  23.20000,
,,,00.000000393600,  23.20000,
,,,00.000000393800,  23.20000,
,,,00.000000394000,  23.20000,
,,,00.000000394200,  23.20000,
,,,00.000000394400,  23.20000,
,,,00.000000394600,  23.60000,
,,,00.000000394800,  23.60000,
,,,00.000000395000,  23.60000,
,,,00.000000395200,  23.60000,
,,,00.000000395400,  23.60000,
,,,00.000000395600,  23.60000,
,,,00.000000395800,  23.20000,
,,,00.000000396000,  23.20000,
,,,00.000000396200,  23.20000,
,,,00.000000396400,  23.20000,
,,,00.000000396600,  23.20000,
,,,00.000000396800,  23.20000,
,,,00.000000397000,  23.20000,
,,,00.000000397200,  23.20000,
,,,00.000000397400,  23.20000,
,,,00.000000397600,  23.60000,
,,,00.000000397800,  23.20000,
,,,00.000000398000,  23.20000,
,,,00.000000398200,  23.20000,
,,,00.000000398400,  23.20000,
,,,00.000000398600,  23.20000,
,,,00.000000398800,  23.20000,
,,,00.000000399000,  23.20000,
,,,00.000000399200,  23.20000,
,,,00.000000399400,  23.20000,
,,,00.000000399600,  23.60000,
,,,00.000000399800,  23.60000,
,,,00.000000400000,  23.60000,
,,,00.000000400200,  23.60000,
,,,00.000000400400,  23.60000,
,,,00.000000400600,  23.60000,
,,,00.000000400800,  23.20000,
,,,00.000000401000,  23.20000,
,,,00.000000401200,  23.20000,
,,,00.000000401400,  23.20000,
,,,00.000000401600,  23.20000,
,,,00.000000401800,  23.20000,
,,,00.000000402000,  22.80000,
,,,00.000000402200,  22.80000,
,,,00.000000402400,  23.20000,
,,,00.000000402600,  23.20000,
,,,00.000000402800,  23.20000,
,,,00.000000403000,  23.20000,
,,,00.000000403200,  23.20000,
,,,00.000000403400,  23.20000,
,,,00.000000403600,  23.60000,
,,,00.000000403800,  23.20000,
,,,00.000000404000,  23.20000,
,,,00.000000404200,  23.20000,
,,,00.000000404400,  23.20000,
,,,00.000000404600,  23.20000,
,,,00.000000404800,  23.20000,
,,,00.000000405000,  22.80000,
,,,00.000000405200,  22.80000,
,,,00.000000405400,  23.20000,
,,,00.000000405600,  23.20000,
,,,00.000000405800,  23.20000,
,,,00.000000406000,  23.20000,
,,,00.000000406200,  23.20000,
,,,00.000000406400,  23.20000,
,,,00.000000406600,  23.60000,
,,,00.000000406800,  23.60000,
,,,00.000000407000,  23.60000,
,,,00.000000407200,  23.60000,
,,,00.000000407400,  23.60000,
,,,00.000000407600,  23.60000,
,,,00.000000407800,  23.20000,
,,,00.000000408000,  23.20000,
,,,00.000000408200,  23.20000,
,,,00.000000408400,  23.20000,
,,,00.000000408600,  23.20000,
,,,00.000000408800,  22.80000,
,,,00.000000409000,  22.80000,
,,,00.000000409200,  22.80000,
,,,00.000000409400,  22.80000,
,,,00.000000409600,  22.80000,
,,,00.000000409800,  22.80000,
,,,00.000000410000,  22.80000,
,,,00.000000410200,  22.80000,
,,,00.000000410400,  22.80000,
,,,00.000000410600,  23.20000,
,,,00.000000410800,  23.20000,
,,,00.000000411000,  23.20000,
,,,00.000000411200,  23.20000,
,,,00.000000411400,  23.60000,
,,,00.000000411600,  23.60000,
,,,00.000000411800,  23.20000,
,,,00.000000412000,  23.20000,
,,,00.000000412200,  23.20000,
,,,00.000000412400,  23.20000,
,,,00.000000412600,  23.20000,
,,,00.000000412800,  23.20000,
,,,00.000000413000,  22.80000,
,,,00.000000413200,  22.80000,
,,,00.000000413400,  23.20000,
,,,00.000000413600,  23.20000,
,,,00.000000413800,  23.20000,
,,,00.000000414000,  23.20000,
,,,00.000000414200,  23.20000,
,,,00.000000414400,  23.20000,
,,,00.000000414600,  23.60000,
,,,00.000000414800,  23.60000,
,,,00.000000415000,  23.60000,
,,,00.000000415200,  23.60000,
,,,00.000000415400,  23.60000,
,,,00.000000415600,  23.60000,
,,,00.000000415800,  23.60000,
,,,00.000000416000,  23.60000,
,,,00.000000416200,  23.60000,
,,,00.000000416400,  23.60000,
,,,00.000000416600,  23.60000,
,,,00.000000416800,  23.60000,
,,,00.000000417000,  23.60000,
,,,00.000000417200,  23.60000,
,,,00.000000417400,  23.60000,
,,,00.000000417600,  24.00000,
,,,00.000000417800,  23.60000,
,,,00.000000418000,  23.60000,
,,,00.000000418200,  23.60000,
,,,00.000000418400,  23.60000,
,,,00.000000418600,  23.60000,
,,,00.000000418800,  23.60000,
,,,00.000000419000,  23.20000,
,,,00.000000419200,  23.20000,
,,,00.000000419400,  23.60000,
,,,00.000000419600,  23.60000,
,,,00.000000419800,  23.60000,
,,,00.000000420000,  23.60000,
,,,00.000000420200,  23.60000,
,,,00.000000420400,  23.60000,
,,,00.000000420600,  24.00000,
,,,00.000000420800,  24.00000,
,,,00.000000421000,  24.00000,
,,,00.000000421200,  24.00000,
,,,00.000000421400,  24.00000,
,,,00.000000421600,  24.00000,
,,,00.000000421800,  24.00000,
,,,00.000000422000,  24.00000,
,,,00.000000422200,  24.00000,
,,,00.000000422400,  24.00000,
,,,00.000000422600,  24.00000,
,,,00.000000422800,  23.60000,
,,,00.000000423000,  23.60000,
,,,00.000000423200,  23.60000,
,,,00.000000423400,  23.60000,
,,,00.000000423600,  23.60000,
,,,00.000000423800,  23.60000,
,,,00.000000424000,  23.60000,
,,,00.000000424200,  23.60000,
,,,00.000000424400,  23.60000,
,,,00.000000424600,  23.60000,
,,,00.000000424800,  23.60000,
,,,00.000000425000,  23.60000,
,,,00.000000425200,  23.60000,
,,,00.000000425400,  23.60000,
,,,00.000000425600,  23.60000,
,,,00.000000425800,  23.60000,
,,,00.000000426000,  23.60000,
,,,00.000000426200,  23.60000,
,,,00.000000426400,  23.60000,
,,,00.000000426600,  24.00000,
,,,00.000000426800,  23.60000,
,,,00.000000427000,  23.60000,
,,,00.000000427200,  23.60000,
,,,00.000000427400,  23.60000,
,,,00.000000427600,  23.60000,
,,,00.000000427800,  23.60000,
,,,00.000000428000,  23.60000,
,,,00.000000428200,  23.60000,
,,,00.000000428400,  23.60000,
,,,00.000000428600,  24.00000,
,,,00.000000428800,  24.00000,
,,,00.000000429000,  24.00000,
,,,00.000000429200,  24.00000,
,,,00.000000429400,  24.00000,
,,,00.000000429600,  24.00000,
,,,00.000000429800,  23.60000,
,,,00.000000430000,  23.60000,
,,,00.000000430200,  23.20000,
,,,00.000000430400,  23.20000,
,,,00.000000430600,  23.20000,
,,,00.000000430800,  23.20000,
,,,00.000000431000,  22.80000,
,,,00.000000431200,  23.20000,
,,,00.000000431400,  23.20000,
,,,00.000000431600,  23.20000,
,,,00.000000431800,  23.20000,
,,,00.000000432000,  23.20000,
,,,00.000000432200,  23.20000,
,,,00.000000432400,  23.20000,
,,,00.000000432600,  23.20000,
,,,00.000000432800,  23.20000,
,,,00.000000433000,  23.20000,
,,,00.000000433200,  23.20000,
,,,00.000000433400,  23.20000,
,,,00.000000433600,  23.20000,
,,,00.000000433800,  23.20000,
,,,00.000000434000,  23.20000,
,,,00.000000434200,  23.20000,
,,,00.000000434400,  23.20000,
,,,00.000000434600,  23.20000,
,,,00.000000434800,  23.20000,
,,,00.000000435000,  23.20000,
,,,00.000000435200,  23.20000,
,,,00.000000435400,  23.20000,
,,,00.000000435600,  23.20000,
,,,00.000000435800,  23.20000,
,,,00.000000436000,  23.20000,
,,,00.000000436200,  23.20000,
,,,00.000000436400,  23.20000,
,,,00.000000436600,  23.60000,
,,,00.000000436800,  23.60000,
,,,00.000000437000,  23.60000,
,,,00.000000437200,  23.60000,
,,,00.000000437400,  23.60000,
,,,00.000000437600,  23.60000,
,,,00.000000437800,  23.20000,
,,,00.000000438000,  23.20000,
,,,00.000000438200,  23.20000,
,,,00.000000438400,  23.20000,
,,,00.000000438600,  23.20000,
,,,00.000000438800,  23.20000,
,,,00.000000439000,  22.80000,
,,,00.000000439200,  22.80000,
,,,00.000000439400,  23.20000,
,,,00.000000439600,  23.20000,
,,,00.000000439800,  23.20000,
,,,00.000000440000,  23.20000,
,,,00.000000440200,  23.20000,
,,,00.000000440400,  23.20000,
,,,00.000000440600,  23.60000,
,,,00.000000440800,  23.20000,
,,,00.000000441000,  23.20000,
,,,00.000000441200,  23.20000,
,,,00.000000441400,  23.20000,
,,,00.000000441600,  23.20000,
,,,00.000000441800,  23.20000,
,,,00.000000442000,  22.80000,
,,,00.000000442200,  22.80000,
,,,00.000000442400,  23.20000,
,,,00.000000442600,  23.20000,
,,,00.000000442800,  23.20000,
,,,00.000000443000,  23.20000,
,,,00.000000443200,  23.20000,
,,,00.000000443400,  23.20000,
,,,00.000000443600,  23.60000,
,,,00.000000443800,  23.60000,
,,,00.000000444000,  23.60000,
,,,00.000000444200,  23.60000,
,,,00.000000444400,  23.60000,
,,,00.000000444600,  23.60000,
,,,00.000000444800,  23.60000,
,,,00.000000445000,  23.60000,
,,,00.000000445200,  23.60000,
,,,00.000000445400,  23.60000,
,,,00.000000445600,  23.60000,
,,,00.000000445800,  23.60000,
,,,00.000000446000,  23.60000,
,,,00.000000446200,  23.60000,
,,,00.000000446400,  23.60000,
,,,00.000000446600,  24.00000,
,,,00.000000446800,  23.60000,
,,,00.000000447000,  23.60000,
,,,00.000000447200,  23.60000,
,,,00.000000447400,  23.60000,
,,,00.000000447600,  23.60000,
,,,00.000000447800,  23.60000,
,,,00.000000448000,  23.60000,
,,,00.000000448200,  23.60000,
,,,00.000000448400,  23.60000,
,,,00.000000448600,  23.60000,
,,,00.000000448800,  23.60000,
,,,00.000000449000,  23.60000,
,,,00.000000449200,  23.60000,
,,,00.000000449400,  23.60000,
,,,00.000000449600,  23.60000,
,,,00.000000449800,  23.60000,
,,,00.000000450000,  23.60000,
,,,00.000000450200,  23.60000,
,,,00.000000450400,  23.60000,
,,,00.000000450600,  23.60000,
,,,00.000000450800,  23.20000,
,,,00.000000451000,  23.20000,
,,,00.000000451200,  23.20000,
,,,00.000000451400,  23.20000,
,,,00.000000451600,  23.20000,
,,,00.000000451800,  23.20000,
,,,00.000000452000,  23.20000,
,,,00.000000452200,  23.20000,
,,,00.000000452400,  23.20000,
,,,00.000000452600,  23.60000,
,,,00.000000452800,  23.20000,
,,,00.000000453000,  23.20000,
,,,00.000000453200,  23.20000,
,,,00.000000453400,  23.20000,
,,,00.000000453600,  23.20000,
,,,00.000000453800,  23.20000,
,,,00.000000454000,  23.20000,
,,,00.000000454200,  23.20000,
,,,00.000000454400,  23.20000,
,,,00.000000454600,  23.60000,
,,,00.000000454800,  23.20000,
,,,00.000000455000,  23.20000,
,,,00.000000455200,  23.20000,
,,,00.000000455400,  23.20000,
,,,00.000000455600,  23.20000,
,,,00.000000455800,  23.20000,
,,,00.000000456000,  23.20000,
,,,00.000000456200,  23.20000,
,,,00.000000456400,  23.20000,
,,,00.000000456600,  23.60000,
,,,00.000000456800,  23.60000,
,,,00.000000457000,  23.60000,
,,,00.000000457200,  23.60000,
,,,00.000000457400,  24.00000,
,,,00.000000457600,  24.00000,
,,,00.000000457800,  24.00000,
,,,00.000000458000,  23.60000,
,,,00.000000458200,  23.60000,
,,,00.000000458400,  23.60000,
,,,00.000000458600,  23.60000,
,,,00.000000458800,  23.20000,
,,,00.000000459000,  23.20000,
,,,00.000000459200,  23.20000,
,,,00.000000459400,  23.20000,
,,,00.000000459600,  23.20000,
,,,00.000000459800,  23.20000,
,,,00.000000460000,  22.80000,
,,,00.000000460200,  22.80000,
,,,00.000000460400,  23.20000,
,,,00.000000460600,  23.20000,
,,,00.000000460800,  23.20000,
,,,00.000000461000,  23.20000,
,,,00.000000461200,  23.20000,
,,,00.000000461400,  23.20000,
,,,00.000000461600,  23.60000,
,,,00.000000461800,  23.60000,
