-00.000000051200	  -0.20000
-00.000000051100	  -0.20000
-00.000000051000	  -0.20000
-00.000000050900	  -0.20000
-00.000000050800	  -0.20000
-00.000000050700	  -0.20000
-00.000000050600	  -0.20000
-00.000000050500	   0.00000
-00.000000050400	   0.00000
-00.000000050300	   0.00000
-00.000000050200	  -0.20000
-00.000000050100	  -0.20000
-00.000000050000	  -0.20000
-00.000000049900	  -0.20000
-00.000000049800	  -0.20000
-00.000000049700	  -0.20000
-00.000000049600	  -0.20000
-00.000000049500	  -0.20000
-00.000000049400	  -0.20000
-00.000000049300	  -0.20000
-00.000000049200	  -0.20000
-00.000000049100	  -0.20000
-00.000000049000	  -0.40000
-00.000000048900	  -0.40000
-00.000000048800	  -0.40000
-00.000000048700	  -0.20000
-00.000000048600	  -0.20000
-00.000000048500	  -0.20000
-00.000000048400	  -0.20000
-00.000000048300	  -0.20000
-00.000000048200	  -0.20000
-00.000000048100	  -0.20000
-00.000000048000	  -0.20000
-00.000000047900	  -0.20000
-00.000000047800	  -0.20000
-00.000000047700	  -0.20000
-00.000000047600	  -0.20000
-00.000000047500	   0.00000
-00.000000047400	   0.00000
-00.000000047300	   0.00000
-00.000000047200	  -0.20000
-00.000000047100	  -0.20000
-00.000000047000	  -0.20000
-00.000000046900	  -0.20000
-00.000000046800	  -0.20000
-00.000000046700	  -0.20000
-00.000000046600	  -0.20000
-00.000000046500	  -0.20000
-00.000000046400	  -0.20000
-00.000000046300	  -0.20000
-00.000000046200	  -0.20000
-00.000000046100	  -0.20000
-00.000000046000	  -0.20000
-00.000000045900	  -0.20000
-00.000000045800	  -0.20000
-00.000000045700	  -0.20000
-00.000000045600	  -0.20000
-00.000000045500	  -0.20000
-00.000000045400	  -0.20000
-00.000000045300	  -0.20000
-00.000000045200	  -0.20000
-00.000000045100	  -0.20000
-00.000000045000	  -0.20000
-00.000000044900	  -0.20000
-00.000000044800	  -0.20000
-00.000000044700	  -0.20000
-00.000000044600	  -0.20000
-00.000000044500	  -0.20000
-00.000000044400	  -0.20000
-00.000000044300	  -0.20000
-00.000000044200	  -0.40000
-00.000000044100	  -0.40000
-00.000000044000	  -0.40000
-00.000000043900	  -0.40000
-00.000000043800	  -0.40000
-00.000000043700	  -0.40000
-00.000000043600	  -0.40000
-00.000000043500	  -0.40000
-00.000000043400	  -0.40000
-00.000000043300	  -0.40000
-00.000000043200	  -0.40000
-00.000000043100	  -0.40000
-00.000000043000	  -0.40000
-00.000000042900	  -0.40000
-00.000000042800	  -0.40000
-00.000000042700	  -0.40000
-00.000000042600	  -0.40000
-00.000000042500	  -0.40000
-00.000000042400	  -0.40000
-00.000000042300	  -0.40000
-00.000000042200	  -0.40000
-00.000000042100	  -0.40000
-00.000000042000	  -0.40000
-00.000000041900	  -0.40000
-00.000000041800	  -0.40000
-00.000000041700	  -0.40000
-00.000000041600	  -0.40000
-00.000000041500	  -0.40000
-00.000000041400	  -0.40000
-00.000000041300	  -0.40000
-00.000000041200	  -0.40000
-00.000000041100	  -0.40000
-00.000000041000	  -0.40000
-00.000000040900	  -0.40000
-00.000000040800	  -0.40000
-00.000000040700	  -0.40000
-00.000000040600	  -0.40000
-00.000000040500	  -0.40000
-00.000000040400	  -0.40000
-00.000000040300	  -0.40000
-00.000000040200	  -0.40000
-00.000000040100	  -0.40000
-00.000000040000	  -0.40000
-00.000000039900	  -0.40000
-00.000000039800	  -0.40000
-00.000000039700	  -0.40000
-00.000000039600	  -0.40000
-00.000000039500	  -0.20000
-00.000000039400	  -0.20000
-00.000000039300	  -0.20000
-00.000000039200	  -0.20000
-00.000000039100	  -0.20000
-00.000000039000	  -0.20000
-00.000000038900	  -0.20000
-00.000000038800	  -0.20000
-00.000000038700	  -0.20000
-00.000000038600	   0.00000
-00.000000038500	   0.00000
-00.000000038400	   0.00000
-00.000000038300	   0.00000
-00.000000038200	  -0.20000
-00.000000038100	  -0.20000
-00.000000038000	  -0.20000
-00.000000037900	  -0.20000
-00.000000037800	  -0.20000
-00.000000037700	  -0.20000
-00.000000037600	  -0.20000
-00.000000037500	  -0.20000
-00.000000037400	  -0.20000
-00.000000037300	  -0.20000
-00.000000037200	  -0.20000
-00.000000037100	  -0.20000
-00.000000037000	  -0.20000
-00.000000036900	  -0.20000
-00.000000036800	  -0.20000
-00.000000036700	  -0.20000
-00.000000036600	  -0.20000
-00.000000036500	   0.00000
-00.000000036400	   0.00000
-00.000000036300	   0.00000
-00.000000036200	  -0.20000
-00.000000036100	  -0.20000
-00.000000036000	  -0.20000
-00.000000035900	  -0.20000
-00.000000035800	  -0.20000
-00.000000035700	  -0.20000
-00.000000035600	  -0.20000
-00.000000035500	  -0.20000
-00.000000035400	  -0.20000
-00.000000035300	  -0.20000
-00.000000035200	  -0.20000
-00.000000035100	  -0.20000
-00.000000035000	  -0.40000
-00.000000034900	  -0.40000
-00.000000034800	  -0.40000
-00.000000034700	  -0.20000
-00.000000034600	  -0.20000
-00.000000034500	  -0.20000
-00.000000034400	  -0.20000
-00.000000034300	  -0.20000
-00.000000034200	  -0.20000
-00.000000034100	  -0.20000
-00.000000034000	  -0.20000
-00.000000033900	  -0.20000
-00.000000033800	  -0.20000
-00.000000033700	  -0.20000
-00.000000033600	  -0.20000
-00.000000033500	   0.00000
-00.000000033400	   0.00000
-00.000000033300	   0.00000
-00.000000033200	   0.00000
-00.000000033100	   0.00000
-00.000000033000	   0.00000
-00.000000032900	   0.00000
-00.000000032800	   0.00000
-00.000000032700	   0.00000
-00.000000032600	   0.00000
-00.000000032500	   0.00000
-00.000000032400	   0.00000
-00.000000032300	   0.00000
-00.000000032200	   0.00000
-00.000000032100	   0.00000
-00.000000032000	   0.00000
-00.000000031900	   0.00000
-00.000000031800	   0.00000
-00.000000031700	   0.00000
-00.000000031600	   0.00000
-00.000000031500	   0.00000
-00.000000031400	   0.00000
-00.000000031300	   0.00000
-00.000000031200	   0.00000
-00.000000031100	   0.00000
-00.000000031000	   0.00000
-00.000000030900	   0.00000
-00.000000030800	   0.00000
-00.000000030700	   0.00000
-00.000000030600	   0.00000
-00.000000030500	   0.00000
-00.000000030400	   0.00000
-00.000000030300	   0.00000
-00.000000030200	   0.00000
-00.000000030100	   0.00000
-00.000000030000	   0.00000
-00.000000029900	   0.00000
-00.000000029800	   0.00000
-00.000000029700	   0.00000
-00.000000029600	   0.00000
-00.000000029500	   0.00000
-00.000000029400	   0.00000
-00.000000029300	   0.00000
-00.000000029200	  -0.20000
-00.000000029100	  -0.20000
-00.000000029000	  -0.20000
-00.000000028900	  -0.20000
-00.000000028800	  -0.20000
-00.000000028700	  -0.20000
-00.000000028600	  -0.20000
-00.000000028500	  -0.20000
-00.000000028400	  -0.20000
-00.000000028300	  -0.20000
-00.000000028200	  -0.20000
-00.000000028100	  -0.20000
-00.000000028000	  -0.20000
-00.000000027900	  -0.20000
-00.000000027800	  -0.20000
-00.000000027700	  -0.20000
-00.000000027600	  -0.20000
-00.000000027500	  -0.20000
-00.000000027400	   0.00000
-00.000000027300	   0.00000
-00.000000027200	   0.00000
-00.000000027100	   0.00000
-00.000000027000	   0.00000
-00.000000026900	   0.00000
-00.000000026800	   0.00000
-00.000000026700	   0.00000
-00.000000026600	   0.00000
-00.000000026500	   0.20000
-00.000000026400	   0.20000
-00.000000026300	   0.20000
-00.000000026200	   0.20000
-00.000000026100	   0.20000
-00.000000026000	   0.20000
-00.000000025900	   0.20000
-00.000000025800	   0.20000
-00.000000025700	   0.20000
-00.000000025600	   0.20000
-00.000000025500	   0.20000
-00.000000025400	   0.20000
-00.000000025300	   0.20000
-00.000000025200	   0.20000
-00.000000025100	   0.20000
-00.000000025000	   0.20000
-00.000000024900	   0.20000
-00.000000024800	   0.20000
-00.000000024700	   0.20000
-00.000000024600	   0.20000
-00.000000024500	   0.20000
-00.000000024400	   0.20000
-00.000000024300	   0.20000
-00.000000024200	   0.20000
-00.000000024100	   0.20000
-00.000000024000	   0.20000
-00.000000023900	   0.20000
-00.000000023800	   0.20000
-00.000000023700	   0.20000
-00.000000023600	   0.20000
-00.000000023500	   0.20000
-00.000000023400	   0.20000
-00.000000023300	   0.20000
-00.000000023200	   0.20000
-00.000000023100	   0.20000
-00.000000023000	   0.20000
-00.000000022900	   0.20000
-00.000000022800	   0.20000
-00.000000022700	   0.20000
-00.000000022600	   0.20000
-00.000000022500	   0.40000
-00.000000022400	   0.40000
-00.000000022300	   0.40000
-00.000000022200	   0.40000
-00.000000022100	   0.40000
-00.000000022000	   0.40000
-00.000000021900	   0.40000
-00.000000021800	   0.40000
-00.000000021700	   0.40000
-00.000000021600	   0.40000
-00.000000021500	   0.40000
-00.000000021400	   0.40000
-00.000000021300	   0.20000
-00.000000021200	   0.20000
-00.000000021100	   0.20000
-00.000000021000	   0.20000
-00.000000020900	   0.20000
-00.000000020800	   0.00000
-00.000000020700	   0.00000
-00.000000020600	   0.00000
-00.000000020500	   0.00000
-00.000000020400	   0.00000
-00.000000020300	   0.00000
-00.000000020200	  -0.20000
-00.000000020100	  -0.20000
-00.000000020000	  -0.20000
-00.000000019900	  -0.20000
-00.000000019800	  -0.20000
-00.000000019700	  -0.20000
-00.000000019600	  -0.20000
-00.000000019500	   0.00000
-00.000000019400	   0.00000
-00.000000019300	   0.00000
-00.000000019200	   0.00000
-00.000000019100	   0.00000
-00.000000019000	   0.00000
-00.000000018900	   0.20000
-00.000000018800	   0.20000
-00.000000018700	   0.20000
-00.000000018600	   0.20000
-00.000000018500	   0.20000
-00.000000018400	   0.40000
-00.000000018300	   0.40000
-00.000000018200	   0.40000
-00.000000018100	   0.40000
-00.000000018000	   0.40000
-00.000000017900	   0.40000
-00.000000017800	   0.40000
-00.000000017700	   0.40000
-00.000000017600	   0.40000
-00.000000017500	   0.40000
-00.000000017400	   0.40000
-00.000000017300	   0.40000
-00.000000017200	   0.20000
-00.000000017100	   0.20000
-00.000000017000	   0.20000
-00.000000016900	   0.20000
-00.000000016800	   0.20000
-00.000000016700	   0.20000
-00.000000016600	   0.20000
-00.000000016500	   0.20000
-00.000000016400	   0.20000
-00.000000016300	   0.20000
-00.000000016200	   0.20000
-00.000000016100	   0.20000
-00.000000016000	   0.20000
-00.000000015900	   0.20000
-00.000000015800	   0.20000
-00.000000015700	   0.20000
-00.000000015600	   0.20000
-00.000000015500	   0.40000
-00.000000015400	   0.40000
-00.000000015300	   0.40000
-00.000000015200	   0.20000
-00.000000015100	   0.20000
-00.000000015000	   0.20000
-00.000000014900	   0.20000
-00.000000014800	   0.20000
-00.000000014700	   0.20000
-00.000000014600	   0.20000
-00.000000014500	   0.20000
-00.000000014400	   0.20000
-00.000000014300	   0.20000
-00.000000014200	   0.20000
-00.000000014100	   0.20000
-00.000000014000	   0.20000
-00.000000013900	   0.20000
-00.000000013800	   0.20000
-00.000000013700	   0.20000
-00.000000013600	   0.20000
-00.000000013500	   0.20000
-00.000000013400	   0.40000
-00.000000013300	   0.40000
-00.000000013200	   0.40000
-00.000000013100	   0.40000
-00.000000013000	   0.40000
-00.000000012900	   0.40000
-00.000000012800	   0.40000
-00.000000012700	   0.40000
-00.000000012600	   0.40000
-00.000000012500	   0.60000
-00.000000012400	   0.60000
-00.000000012300	   0.60000
-00.000000012200	   0.60000
-00.000000012100	   0.60000
-00.000000012000	   0.60000
-00.000000011900	   0.60000
-00.000000011800	   0.60000
-00.000000011700	   0.60000
-00.000000011600	   0.60000
-00.000000011500	   0.60000
-00.000000011400	   0.60000
-00.000000011300	   0.60000
-00.000000011200	   0.40000
-00.000000011100	   0.40000
-00.000000011000	   0.40000
-00.000000010900	   0.40000
-00.000000010800	   0.40000
-00.000000010700	   0.40000
-00.000000010600	   0.40000
-00.000000010500	   0.40000
-00.000000010400	   0.40000
-00.000000010300	   0.40000
-00.000000010200	   0.40000
-00.000000010100	   0.40000
-00.000000010000	   0.20000
-00.000000009900	   0.20000
-00.000000009800	   0.20000
-00.000000009700	   0.40000
-00.000000009600	   0.40000
-00.000000009500	   0.40000
-00.000000009400	   0.40000
-00.000000009300	   0.40000
-00.000000009200	   0.40000
-00.000000009100	   0.40000
-00.000000009000	   0.40000
-00.000000008900	   0.40000
-00.000000008800	   0.40000
-00.000000008700	   0.40000
-00.000000008600	   0.40000
-00.000000008500	   0.60000
-00.000000008400	   0.60000
-00.000000008300	   0.60000
-00.000000008200	   0.60000
-00.000000008100	   0.60000
-00.000000008000	   0.60000
-00.000000007900	   0.60000
-00.000000007800	   0.60000
-00.000000007700	   0.60000
-00.000000007600	   0.60000
-00.000000007500	   0.60000
-00.000000007400	   0.60000
-00.000000007300	   0.60000
-00.000000007200	   0.60000
-00.000000007100	   0.60000
-00.000000007000	   0.40000
-00.000000006900	   0.40000
-00.000000006800	   0.40000
-00.000000006700	   0.40000
-00.000000006600	   0.60000
-00.000000006500	   0.60000
-00.000000006400	   0.60000
-00.000000006300	   0.60000
-00.000000006200	   0.60000
-00.000000006100	   0.60000
-00.000000006000	   0.60000
-00.000000005900	   0.80000
-00.000000005800	   0.80000
-00.000000005700	   0.80000
-00.000000005600	   0.80000
-00.000000005500	   0.80000
-00.000000005400	   1.00000
-00.000000005300	   1.00000
-00.000000005200	   1.00000
-00.000000005100	   1.00000
-00.000000005000	   1.00000
-00.000000004900	   1.00000
-00.000000004800	   1.00000
-00.000000004700	   1.00000
-00.000000004600	   1.00000
-00.000000004500	   1.00000
-00.000000004400	   1.00000
-00.000000004300	   1.00000
-00.000000004200	   1.00000
-00.000000004100	   1.00000
-00.000000004000	   1.00000
-00.000000003900	   1.00000
-00.000000003800	   1.00000
-00.000000003700	   1.00000
-00.000000003600	   1.00000
-00.000000003500	   1.00000
-00.000000003400	   1.00000
-00.000000003300	   1.00000
-00.000000003200	   1.00000
-00.000000003100	   1.00000
-00.000000003000	   1.00000
-00.000000002900	   1.00000
-00.000000002800	   1.00000
-00.000000002700	   1.00000
-00.000000002600	   1.00000
-00.000000002500	   1.00000
-00.000000002400	   1.20000
-00.000000002300	   1.20000
-00.000000002200	   1.20000
-00.000000002100	   1.20000
-00.000000002000	   1.20000
-00.000000001900	   1.40000
-00.000000001800	   1.40000
-00.000000001700	   1.40000
-00.000000001600	   1.40000
-00.000000001500	   1.40000
-00.000000001400	   1.60000
-00.000000001300	   1.60000
-00.000000001200	   1.60000
-00.000000001100	   1.60000
-00.000000001000	   1.60000
-00.000000000900	   1.80000
-00.000000000800	   1.80000
-00.000000000700	   1.80000
-00.000000000600	   1.80000
-00.000000000500	   1.80000
-00.000000000400	   2.00000
-00.000000000300	   2.00000
-00.000000000200	   2.00000
-00.000000000100	   2.00000
-00.000000000000	   2.00000
00.000000000100	   2.20000
00.000000000200	   2.20000
00.000000000300	   2.20000
00.000000000400	   2.20000
00.000000000500	   2.20000
00.000000000600	   2.40000
00.000000000700	   2.40000
00.000000000800	   2.40000
00.000000000900	   2.40000
00.000000001000	   2.60000
00.000000001100	   2.60000
00.000000001200	   2.60000
00.000000001300	   2.80000
00.000000001400	   2.80000
00.000000001500	   2.80000
00.000000001600	   3.00000
00.000000001700	   3.00000
00.000000001800	   3.00000
00.000000001900	   3.20000
00.000000002000	   3.20000
00.000000002100	   3.20000
00.000000002200	   3.20000
00.000000002300	   3.40000
00.000000002400	   3.40000
00.000000002500	   3.40000
00.000000002600	   3.60000
00.000000002700	   3.60000
00.000000002800	   3.60000
00.000000002900	   3.60000
00.000000003000	   3.80000
00.000000003100	   3.80000
00.000000003200	   3.80000
00.000000003300	   4.00000
00.000000003400	   4.00000
00.000000003500	   4.00000
00.000000003600	   4.20000
00.000000003700	   4.20000
00.000000003800	   4.20000
00.000000003900	   4.40000
00.000000004000	   4.40000
00.000000004100	   4.40000
00.000000004200	   4.60000
00.000000004300	   4.60000
00.000000004400	   4.80000
00.000000004500	   4.80000
00.000000004600	   5.00000
00.000000004700	   5.00000
00.000000004800	   5.20000
00.000000004900	   5.20000
00.000000005000	   5.40000
00.000000005100	   5.40000
00.000000005200	   5.60000
00.000000005300	   5.80000
00.000000005400	   5.80000
00.000000005500	   6.00000
00.000000005600	   6.20000
00.000000005700	   6.20000
00.000000005800	   6.40000
00.000000005900	   6.40000
00.000000006000	   6.60000
00.000000006100	   6.80000
00.000000006200	   6.80000
00.000000006300	   7.00000
00.000000006400	   7.00000
00.000000006500	   7.20000
00.000000006600	   7.40000
00.000000006700	   7.40000
00.000000006800	   7.60000
00.000000006900	   7.80000
00.000000007000	   7.80000
00.000000007100	   8.00000
00.000000007200	   8.20000
00.000000007300	   8.40000
00.000000007400	   8.40000
00.000000007500	   8.60000
00.000000007600	   8.80000
00.000000007700	   8.80000
00.000000007800	   9.00000
00.000000007900	   9.00000
00.000000008000	   9.20000
00.000000008100	   9.20000
00.000000008200	   9.40000
00.000000008300	   9.40000
00.000000008400	   9.60000
00.000000008500	   9.60000
00.000000008600	   9.80000
00.000000008700	   9.80000
00.000000008800	  10.00000
00.000000008900	  10.20000
00.000000009000	  10.20000
00.000000009100	  10.40000
00.000000009200	  10.60000
00.000000009300	  10.60000
00.000000009400	  10.80000
00.000000009500	  11.00000
00.000000009600	  11.20000
00.000000009700	  11.20000
00.000000009800	  11.40000
00.000000009900	  11.60000
00.000000010000	  11.80000
00.000000010100	  12.00000
00.000000010200	  12.20000
00.000000010300	  12.20000
00.000000010400	  12.40000
00.000000010500	  12.60000
00.000000010600	  12.80000
00.000000010700	  12.80000
00.000000010800	  13.00000
00.000000010900	  13.20000
00.000000011000	  13.20000
00.000000011100	  13.40000
00.000000011200	  13.40000
00.000000011300	  13.60000
00.000000011400	  13.80000
00.000000011500	  13.80000
00.000000011600	  14.00000
00.000000011700	  14.00000
00.000000011800	  14.20000
00.000000011900	  14.20000
00.000000012000	  14.40000
00.000000012100	  14.60000
00.000000012200	  14.60000
00.000000012300	  14.80000
00.000000012400	  14.80000
00.000000012500	  15.00000
00.000000012600	  15.20000
00.000000012700	  15.20000
00.000000012800	  15.40000
00.000000012900	  15.40000
00.000000013000	  15.60000
00.000000013100	  15.60000
00.000000013200	  15.80000
00.000000013300	  15.80000
00.000000013400	  16.00000
00.000000013500	  16.00000
00.000000013600	  16.20000
00.000000013700	  16.20000
00.000000013800	  16.40000
00.000000013900	  16.40000
00.000000014000	  16.60000
00.000000014100	  16.80000
00.000000014200	  16.80000
00.000000014300	  17.00000
00.000000014400	  17.00000
00.000000014500	  17.20000
00.000000014600	  17.40000
00.000000014700	  17.40000
00.000000014800	  17.60000
00.000000014900	  17.60000
00.000000015000	  17.80000
00.000000015100	  17.80000
00.000000015200	  18.00000
00.000000015300	  18.00000
00.000000015400	  18.20000
00.000000015500	  18.20000
00.000000015600	  18.40000
00.000000015700	  18.40000
00.000000015800	  18.40000
00.000000015900	  18.60000
00.000000016000	  18.60000
00.000000016100	  18.80000
00.000000016200	  18.80000
00.000000016300	  18.80000
00.000000016400	  19.00000
00.000000016500	  19.00000
00.000000016600	  19.20000
00.000000016700	  19.20000
00.000000016800	  19.20000
00.000000016900	  19.40000
00.000000017000	  19.40000
00.000000017100	  19.60000
00.000000017200	  19.60000
00.000000017300	  19.60000
00.000000017400	  19.80000
00.000000017500	  19.80000
00.000000017600	  20.00000
00.000000017700	  20.00000
00.000000017800	  20.00000
00.000000017900	  20.20000
00.000000018000	  20.20000
00.000000018100	  20.20000
00.000000018200	  20.40000
00.000000018300	  20.40000
00.000000018400	  20.40000
00.000000018500	  20.40000
00.000000018600	  20.60000
00.000000018700	  20.60000
00.000000018800	  20.60000
00.000000018900	  20.60000
00.000000019000	  20.60000
00.000000019100	  20.60000
00.000000019200	  20.60000
00.000000019300	  20.60000
00.000000019400	  20.60000
00.000000019500	  20.80000
00.000000019600	  20.80000
00.000000019700	  20.80000
00.000000019800	  20.80000
00.000000019900	  20.80000
00.000000020000	  20.80000
00.000000020100	  21.00000
00.000000020200	  21.00000
00.000000020300	  21.00000
00.000000020400	  21.00000
00.000000020500	  21.00000
00.000000020600	  21.20000
00.000000020700	  21.20000
00.000000020800	  21.20000
00.000000020900	  21.20000
00.000000021000	  21.20000
00.000000021100	  21.20000
00.000000021200	  21.20000
00.000000021300	  21.20000
00.000000021400	  21.20000
00.000000021500	  21.40000
00.000000021600	  21.40000
00.000000021700	  21.40000
00.000000021800	  21.40000
00.000000021900	  21.40000
00.000000022000	  21.40000
00.000000022100	  21.40000
00.000000022200	  21.40000
00.000000022300	  21.40000
00.000000022400	  21.40000
00.000000022500	  21.60000
00.000000022600	  21.60000
00.000000022700	  21.60000
00.000000022800	  21.60000
00.000000022900	  21.60000
00.000000023000	  21.60000
00.000000023100	  21.60000
00.000000023200	  21.60000
00.000000023300	  21.60000
00.000000023400	  21.60000
00.000000023500	  21.60000
00.000000023600	  21.60000
00.000000023700	  21.60000
00.000000023800	  21.60000
00.000000023900	  21.60000
00.000000024000	  21.60000
00.000000024100	  21.60000
00.000000024200	  21.60000
00.000000024300	  21.60000
00.000000024400	  21.60000
00.000000024500	  21.60000
00.000000024600	  21.60000
00.000000024700	  21.60000
00.000000024800	  21.60000
00.000000024900	  21.60000
00.000000025000	  21.60000
00.000000025100	  21.60000
00.000000025200	  21.60000
00.000000025300	  21.60000
00.000000025400	  21.60000
00.000000025500	  21.80000
00.000000025600	  21.80000
00.000000025700	  21.80000
00.000000025800	  21.80000
00.000000025900	  21.80000
00.000000026000	  21.60000
00.000000026100	  21.60000
00.000000026200	  21.60000
00.000000026300	  21.60000
00.000000026400	  21.60000
00.000000026500	  21.60000
00.000000026600	  21.60000
00.000000026700	  21.40000
00.000000026800	  21.40000
00.000000026900	  21.40000
00.000000027000	  21.40000
00.000000027100	  21.40000
00.000000027200	  21.20000
00.000000027300	  21.20000
00.000000027400	  21.20000
00.000000027500	  21.20000
00.000000027600	  21.20000
00.000000027700	  21.00000
00.000000027800	  21.00000
00.000000027900	  21.00000
00.000000028000	  21.00000
00.000000028100	  21.00000
00.000000028200	  21.00000
00.000000028300	  21.00000
00.000000028400	  21.00000
00.000000028500	  21.00000
00.000000028600	  21.00000
00.000000028700	  20.80000
00.000000028800	  20.80000
00.000000028900	  20.80000
00.000000029000	  20.80000
00.000000029100	  20.80000
00.000000029200	  20.80000
00.000000029300	  20.80000
00.000000029400	  20.80000
00.000000029500	  20.80000
00.000000029600	  20.80000
00.000000029700	  20.80000
00.000000029800	  20.80000
00.000000029900	  20.80000
00.000000030000	  20.80000
00.000000030100	  20.80000
00.000000030200	  20.80000
00.000000030300	  20.80000
00.000000030400	  20.80000
00.000000030500	  21.00000
00.000000030600	  21.00000
00.000000030700	  21.00000
00.000000030800	  21.00000
00.000000030900	  21.00000
00.000000031000	  21.00000
00.000000031100	  21.00000
00.000000031200	  21.00000
00.000000031300	  21.00000
00.000000031400	  21.00000
00.000000031500	  21.00000
00.000000031600	  21.00000
00.000000031700	  21.00000
00.000000031800	  20.80000
00.000000031900	  20.80000
00.000000032000	  20.80000
00.000000032100	  20.80000
00.000000032200	  20.80000
00.000000032300	  20.80000
00.000000032400	  20.80000
00.000000032500	  20.80000
00.000000032600	  20.80000
00.000000032700	  20.80000
00.000000032800	  20.80000
00.000000032900	  20.80000
00.000000033000	  20.80000
00.000000033100	  20.80000
00.000000033200	  20.80000
00.000000033300	  20.80000
00.000000033400	  20.80000
00.000000033500	  20.80000
00.000000033600	  20.80000
00.000000033700	  20.80000
00.000000033800	  20.80000
00.000000033900	  20.80000
00.000000034000	  20.80000
00.000000034100	  20.80000
00.000000034200	  20.80000
00.000000034300	  20.80000
00.000000034400	  20.80000
00.000000034500	  20.80000
00.000000034600	  20.80000
00.000000034700	  20.80000
00.000000034800	  20.80000
00.000000034900	  20.80000
00.000000035000	  20.80000
00.000000035100	  20.80000
00.000000035200	  20.80000
00.000000035300	  20.80000
00.000000035400	  20.80000
00.000000035500	  21.00000
00.000000035600	  21.00000
00.000000035700	  21.00000
00.000000035800	  21.00000
00.000000035900	  21.00000
00.000000036000	  21.00000
00.000000036100	  21.00000
00.000000036200	  21.00000
00.000000036300	  21.00000
00.000000036400	  21.00000
00.000000036500	  21.00000
00.000000036600	  21.00000
00.000000036700	  21.00000
00.000000036800	  21.00000
00.000000036900	  21.00000
00.000000037000	  21.00000
00.000000037100	  21.00000
00.000000037200	  21.00000
00.000000037300	  21.00000
00.000000037400	  21.00000
00.000000037500	  21.20000
00.000000037600	  21.20000
00.000000037700	  21.20000
00.000000037800	  21.20000
00.000000037900	  21.20000
00.000000038000	  21.20000
00.000000038100	  21.20000
00.000000038200	  21.20000
00.000000038300	  21.20000
00.000000038400	  21.20000
00.000000038500	  21.20000
00.000000038600	  21.20000
00.000000038700	  21.20000
00.000000038800	  21.00000
00.000000038900	  21.00000
00.000000039000	  21.00000
00.000000039100	  21.00000
00.000000039200	  21.00000
00.000000039300	  21.00000
00.000000039400	  21.00000
00.000000039500	  21.00000
00.000000039600	  21.00000
00.000000039700	  21.00000
00.000000039800	  21.00000
00.000000039900	  21.00000
00.000000040000	  21.00000
00.000000040100	  21.00000
00.000000040200	  21.00000
00.000000040300	  21.00000
00.000000040400	  21.00000
00.000000040500	  21.00000
00.000000040600	  21.20000
00.000000040700	  21.20000
00.000000040800	  21.20000
00.000000040900	  21.20000
00.000000041000	  21.20000
00.000000041100	  21.20000
00.000000041200	  21.20000
00.000000041300	  21.20000
00.000000041400	  21.20000
00.000000041500	  21.40000
00.000000041600	  21.40000
00.000000041700	  21.40000
00.000000041800	  21.40000
00.000000041900	  21.40000
00.000000042000	  21.40000
00.000000042100	  21.40000
00.000000042200	  21.40000
00.000000042300	  21.40000
00.000000042400	  21.40000
00.000000042500	  21.60000
00.000000042600	  21.60000
00.000000042700	  21.60000
00.000000042800	  21.60000
00.000000042900	  21.60000
00.000000043000	  21.60000
00.000000043100	  21.60000
00.000000043200	  21.60000
00.000000043300	  21.60000
00.000000043400	  21.60000
00.000000043500	  21.60000
00.000000043600	  21.60000
00.000000043700	  21.60000
00.000000043800	  21.40000
00.000000043900	  21.40000
00.000000044000	  21.40000
00.000000044100	  21.40000
00.000000044200	  21.40000
00.000000044300	  21.40000
00.000000044400	  21.40000
00.000000044500	  21.40000
00.000000044600	  21.40000
00.000000044700	  21.40000
00.000000044800	  21.40000
00.000000044900	  21.40000
00.000000045000	  21.20000
00.000000045100	  21.20000
00.000000045200	  21.20000
00.000000045300	  21.40000
00.000000045400	  21.40000
00.000000045500	  21.40000
00.000000045600	  21.40000
00.000000045700	  21.40000
00.000000045800	  21.40000
00.000000045900	  21.40000
00.000000046000	  21.40000
00.000000046100	  21.40000
00.000000046200	  21.40000
00.000000046300	  21.40000
00.000000046400	  21.40000
00.000000046500	  21.60000
00.000000046600	  21.60000
00.000000046700	  21.60000
00.000000046800	  21.60000
00.000000046900	  21.60000
00.000000047000	  21.60000
00.000000047100	  21.60000
00.000000047200	  21.60000
00.000000047300	  21.60000
00.000000047400	  21.60000
00.000000047500	  21.60000
00.000000047600	  21.60000
00.000000047700	  21.60000
00.000000047800	  21.60000
00.000000047900	  21.60000
00.000000048000	  21.60000
00.000000048100	  21.80000
00.000000048200	  21.80000
00.000000048300	  21.80000
00.000000048400	  21.80000
00.000000048500	  21.80000
00.000000048600	  22.00000
00.000000048700	  22.00000
00.000000048800	  22.00000
00.000000048900	  22.00000
00.000000049000	  22.00000
00.000000049100	  22.00000
00.000000049200	  22.00000
00.000000049300	  22.00000
00.000000049400	  22.00000
00.000000049500	  22.00000
00.000000049600	  22.00000
00.000000049700	  22.00000
00.000000049800	  22.00000
00.000000049900	  22.00000
00.000000050000	  22.00000
00.000000050100	  22.00000
00.000000050200	  22.00000
00.000000050300	  22.00000
00.000000050400	  22.00000
00.000000050500	  22.00000
00.000000050600	  22.00000
00.000000050700	  22.00000
00.000000050800	  21.80000
00.000000050900	  21.80000
00.000000051000	  21.80000
00.000000051100	  21.80000
00.000000051200	  21.80000
00.000000051300	  21.80000
00.000000051400	  21.80000
00.000000051500	  21.80000
00.000000051600	  21.80000
00.000000051700	  21.80000
00.000000051800	  21.60000
00.000000051900	  21.60000
00.000000052000	  21.60000
00.000000052100	  21.60000
00.000000052200	  21.60000
00.000000052300	  21.60000
00.000000052400	  21.60000
00.000000052500	  21.80000
00.000000052600	  21.80000
00.000000052700	  21.80000
00.000000052800	  21.80000
00.000000052900	  21.80000
00.000000053000	  21.80000
00.000000053100	  22.00000
00.000000053200	  22.00000
00.000000053300	  22.00000
00.000000053400	  22.00000
00.000000053500	  22.00000
00.000000053600	  22.20000
00.000000053700	  22.20000
00.000000053800	  22.20000
00.000000053900	  22.20000
00.000000054000	  22.20000
00.000000054100	  22.20000
00.000000054200	  22.20000
00.000000054300	  22.40000
00.000000054400	  22.40000
00.000000054500	  22.40000
00.000000054600	  22.40000
00.000000054700	  22.40000
00.000000054800	  22.20000
00.000000054900	  22.20000
00.000000055000	  22.20000
00.000000055100	  22.20000
00.000000055200	  22.20000
00.000000055300	  22.20000
00.000000055400	  22.20000
00.000000055500	  22.20000
00.000000055600	  22.20000
00.000000055700	  22.20000
00.000000055800	  22.20000
00.000000055900	  22.20000
00.000000056000	  22.00000
00.000000056100	  22.00000
00.000000056200	  22.00000
00.000000056300	  22.20000
00.000000056400	  22.20000
00.000000056500	  22.20000
00.000000056600	  22.20000
00.000000056700	  22.20000
00.000000056800	  22.20000
00.000000056900	  22.20000
00.000000057000	  22.20000
00.000000057100	  22.20000
00.000000057200	  22.20000
00.000000057300	  22.20000
00.000000057400	  22.20000
00.000000057500	  22.40000
00.000000057600	  22.40000
00.000000057700	  22.40000
00.000000057800	  22.40000
00.000000057900	  22.40000
00.000000058000	  22.40000
00.000000058100	  22.40000
00.000000058200	  22.40000
00.000000058300	  22.40000
00.000000058400	  22.40000
00.000000058500	  22.40000
00.000000058600	  22.40000
00.000000058700	  22.20000
00.000000058800	  22.20000
00.000000058900	  22.20000
00.000000059000	  22.20000
00.000000059100	  22.20000
00.000000059200	  22.00000
00.000000059300	  22.00000
00.000000059400	  22.00000
00.000000059500	  22.00000
00.000000059600	  22.00000
00.000000059700	  22.00000
00.000000059800	  22.00000
00.000000059900	  22.00000
00.000000060000	  22.00000
00.000000060100	  22.00000
00.000000060200	  22.00000
00.000000060300	  22.00000
00.000000060400	  22.00000
00.000000060500	  22.20000
00.000000060600	  22.20000
00.000000060700	  22.20000
00.000000060800	  22.00000
00.000000060900	  22.00000
00.000000061000	  22.00000
00.000000061100	  22.00000
00.000000061200	  22.00000
00.000000061300	  22.00000
00.000000061400	  22.00000
00.000000061500	  22.00000
00.000000061600	  22.00000
00.000000061700	  22.00000
00.000000061800	  22.00000
00.000000061900	  22.00000
00.000000062000	  22.00000
00.000000062100	  22.00000
00.000000062200	  22.00000
00.000000062300	  22.00000
00.000000062400	  22.00000
00.000000062500	  22.00000
00.000000062600	  22.20000
00.000000062700	  22.20000
00.000000062800	  22.20000
00.000000062900	  22.20000
00.000000063000	  22.40000
00.000000063100	  22.40000
00.000000063200	  22.40000
00.000000063300	  22.40000
00.000000063400	  22.40000
00.000000063500	  22.60000
00.000000063600	  22.60000
00.000000063700	  22.60000
00.000000063800	  22.60000
00.000000063900	  22.40000
00.000000064000	  22.40000
00.000000064100	  22.40000
00.000000064200	  22.40000
00.000000064300	  22.40000
00.000000064400	  22.40000
00.000000064500	  22.40000
00.000000064600	  22.40000
00.000000064700	  22.40000
00.000000064800	  22.40000
00.000000064900	  22.40000
00.000000065000	  22.40000
00.000000065100	  22.40000
00.000000065200	  22.40000
00.000000065300	  22.40000
00.000000065400	  22.40000
00.000000065500	  22.60000
00.000000065600	  22.60000
00.000000065700	  22.60000
00.000000065800	  22.40000
00.000000065900	  22.40000
00.000000066000	  22.40000
00.000000066100	  22.40000
00.000000066200	  22.40000
00.000000066300	  22.40000
00.000000066400	  22.40000
00.000000066500	  22.40000
00.000000066600	  22.40000
00.000000066700	  22.40000
00.000000066800	  22.40000
00.000000066900	  22.40000
00.000000067000	  22.40000
00.000000067100	  22.40000
00.000000067200	  22.40000
00.000000067300	  22.40000
00.000000067400	  22.40000
00.000000067500	  22.60000
00.000000067600	  22.60000
00.000000067700	  22.60000
00.000000067800	  22.60000
00.000000067900	  22.60000
00.000000068000	  22.60000
00.000000068100	  22.60000
00.000000068200	  22.60000
00.000000068300	  22.60000
00.000000068400	  22.60000
00.000000068500	  22.60000
00.000000068600	  22.60000
00.000000068700	  22.60000
00.000000068800	  22.60000
00.000000068900	  22.60000
00.000000069000	  22.60000
00.000000069100	  22.60000
00.000000069200	  22.60000
00.000000069300	  22.60000
00.000000069400	  22.60000
00.000000069500	  22.60000
00.000000069600	  22.60000
00.000000069700	  22.60000
00.000000069800	  22.40000
00.000000069900	  22.40000
00.000000070000	  22.40000
00.000000070100	  22.40000
00.000000070200	  22.40000
00.000000070300	  22.40000
00.000000070400	  22.40000
00.000000070500	  22.40000
00.000000070600	  22.40000
00.000000070700	  22.40000
00.000000070800	  22.40000
00.000000070900	  22.40000
00.000000071000	  22.40000
00.000000071100	  22.40000
00.000000071200	  22.40000
00.000000071300	  22.40000
00.000000071400	  22.40000
00.000000071500	  22.40000
00.000000071600	  22.60000
00.000000071700	  22.60000
00.000000071800	  22.60000
00.000000071900	  22.60000
00.000000072000	  22.60000
00.000000072100	  22.60000
00.000000072200	  22.60000
00.000000072300	  22.60000
00.000000072400	  22.60000
00.000000072500	  22.80000
00.000000072600	  22.80000
00.000000072700	  22.80000
00.000000072800	  22.80000
00.000000072900	  22.80000
00.000000073000	  22.80000
00.000000073100	  22.80000
00.000000073200	  22.80000
00.000000073300	  22.80000
00.000000073400	  22.80000
00.000000073500	  22.80000
00.000000073600	  22.80000
00.000000073700	  22.80000
00.000000073800	  22.80000
00.000000073900	  22.80000
00.000000074000	  22.80000
00.000000074100	  22.80000
00.000000074200	  22.80000
00.000000074300	  22.80000
00.000000074400	  22.80000
00.000000074500	  22.80000
00.000000074600	  22.80000
00.000000074700	  22.80000
00.000000074800	  22.80000
00.000000074900	  22.80000
00.000000075000	  22.80000
00.000000075100	  22.80000
00.000000075200	  22.80000
00.000000075300	  22.80000
00.000000075400	  22.80000
00.000000075500	  22.80000
00.000000075600	  22.80000
00.000000075700	  22.80000
00.000000075800	  22.80000
00.000000075900	  22.80000
00.000000076000	  22.80000
00.000000076100	  22.80000
00.000000076200	  22.80000
00.000000076300	  22.80000
00.000000076400	  22.80000
00.000000076500	  22.80000
00.000000076600	  22.80000
00.000000076700	  22.80000
00.000000076800	  22.80000
00.000000076900	  22.80000
00.000000077000	  22.80000
00.000000077100	  22.80000
00.000000077200	  22.80000
00.000000077300	  22.80000
00.000000077400	  22.80000
00.000000077500	  22.80000
00.000000077600	  22.80000
00.000000077700	  22.60000
00.000000077800	  22.60000
00.000000077900	  22.60000
00.000000078000	  22.60000
00.000000078100	  22.60000
00.000000078200	  22.40000
00.000000078300	  22.40000
00.000000078400	  22.40000
00.000000078500	  22.40000
00.000000078600	  22.40000
00.000000078700	  22.40000
00.000000078800	  22.20000
00.000000078900	  22.20000
00.000000079000	  22.20000
00.000000079100	  22.20000
00.000000079200	  22.20000
00.000000079300	  22.20000
00.000000079400	  22.20000
00.000000079500	  22.40000
00.000000079600	  22.40000
00.000000079700	  22.40000
00.000000079800	  22.40000
00.000000079900	  22.40000
00.000000080000	  22.40000
00.000000080100	  22.60000
00.000000080200	  22.60000
00.000000080300	  22.60000
00.000000080400	  22.60000
00.000000080500	  22.60000
00.000000080600	  22.80000
00.000000080700	  22.80000
00.000000080800	  22.80000
00.000000080900	  22.80000
00.000000081000	  22.60000
00.000000081100	  22.60000
00.000000081200	  22.60000
00.000000081300	  22.60000
00.000000081400	  22.60000
00.000000081500	  22.60000
00.000000081600	  22.60000
00.000000081700	  22.40000
00.000000081800	  22.40000
00.000000081900	  22.40000
00.000000082000	  22.40000
00.000000082100	  22.40000
00.000000082200	  22.40000
00.000000082300	  22.40000
00.000000082400	  22.40000
00.000000082500	  22.40000
00.000000082600	  22.40000
00.000000082700	  22.40000
00.000000082800	  22.40000
00.000000082900	  22.40000
00.000000083000	  22.40000
00.000000083100	  22.40000
00.000000083200	  22.40000
00.000000083300	  22.40000
00.000000083400	  22.40000
00.000000083500	  22.60000
00.000000083600	  22.60000
00.000000083700	  22.60000
00.000000083800	  22.60000
00.000000083900	  22.60000
00.000000084000	  22.60000
00.000000084100	  22.60000
00.000000084200	  22.60000
00.000000084300	  22.60000
00.000000084400	  22.60000
00.000000084500	  22.60000
00.000000084600	  22.60000
00.000000084700	  22.60000
00.000000084800	  22.60000
00.000000084900	  22.60000
00.000000085000	  22.60000
00.000000085100	  22.60000
00.000000085200	  22.60000
00.000000085300	  22.60000
00.000000085400	  22.60000
00.000000085500	  22.80000
00.000000085600	  22.80000
00.000000085700	  22.80000
00.000000085800	  22.80000
00.000000085900	  22.80000
00.000000086000	  22.80000
00.000000086100	  22.80000
00.000000086200	  22.80000
00.000000086300	  22.80000
00.000000086400	  22.80000
00.000000086500	  22.80000
00.000000086600	  22.80000
00.000000086700	  22.80000
00.000000086800	  22.80000
00.000000086900	  22.80000
00.000000087000	  22.80000
00.000000087100	  22.80000
00.000000087200	  22.80000
00.000000087300	  22.80000
00.000000087400	  22.80000
00.000000087500	  22.80000
00.000000087600	  22.80000
00.000000087700	  22.80000
00.000000087800	  22.60000
00.000000087900	  22.60000
00.000000088000	  22.60000
00.000000088100	  22.60000
00.000000088200	  22.60000
00.000000088300	  22.60000
00.000000088400	  22.60000
00.000000088500	  22.60000
00.000000088600	  22.60000
00.000000088700	  22.60000
00.000000088800	  22.60000
00.000000088900	  22.60000
00.000000089000	  22.40000
00.000000089100	  22.40000
00.000000089200	  22.40000
00.000000089300	  22.60000
00.000000089400	  22.60000
00.000000089500	  22.60000
00.000000089600	  22.60000
00.000000089700	  22.60000
00.000000089800	  22.60000
00.000000089900	  22.60000
00.000000090000	  22.60000
00.000000090100	  22.60000
00.000000090200	  22.60000
00.000000090300	  22.60000
00.000000090400	  22.60000
00.000000090500	  22.80000
00.000000090600	  22.80000
00.000000090700	  22.80000
00.000000090800	  22.80000
00.000000090900	  22.80000
00.000000091000	  22.80000
00.000000091100	  22.80000
00.000000091200	  22.80000
00.000000091300	  22.80000
00.000000091400	  22.80000
00.000000091500	  22.80000
00.000000091600	  22.80000
00.000000091700	  22.80000
00.000000091800	  22.60000
00.000000091900	  22.60000
00.000000092000	  22.60000
00.000000092100	  22.60000
00.000000092200	  22.60000
00.000000092300	  22.60000
00.000000092400	  22.60000
00.000000092500	  22.60000
00.000000092600	  22.60000
00.000000092700	  22.60000
00.000000092800	  22.60000
00.000000092900	  22.60000
00.000000093000	  22.40000
00.000000093100	  22.40000
00.000000093200	  22.40000
00.000000093300	  22.60000
00.000000093400	  22.60000
00.000000093500	  22.60000
00.000000093600	  22.60000
00.000000093700	  22.60000
00.000000093800	  22.60000
00.000000093900	  22.60000
00.000000094000	  22.60000
00.000000094100	  22.60000
00.000000094200	  22.60000
00.000000094300	  22.60000
00.000000094400	  22.60000
00.000000094500	  22.80000
00.000000094600	  22.80000
00.000000094700	  22.80000
00.000000094800	  22.60000
00.000000094900	  22.60000
00.000000095000	  22.60000
00.000000095100	  22.60000
00.000000095200	  22.60000
00.000000095300	  22.60000
00.000000095400	  22.60000
00.000000095500	  22.60000
00.000000095600	  22.60000
00.000000095700	  22.60000
00.000000095800	  22.60000
00.000000095900	  22.60000
00.000000096000	  22.60000
00.000000096100	  22.60000
00.000000096200	  22.60000
00.000000096300	  22.60000
00.000000096400	  22.60000
00.000000096500	  22.60000
00.000000096600	  22.60000
00.000000096700	  22.60000
00.000000096800	  22.40000
00.000000096900	  22.40000
00.000000097000	  22.40000
00.000000097100	  22.40000
00.000000097200	  22.40000
00.000000097300	  22.40000
00.000000097400	  22.40000
00.000000097500	  22.40000
00.000000097600	  22.40000
00.000000097700	  22.40000
00.000000097800	  22.40000
00.000000097900	  22.40000
00.000000098000	  22.40000
00.000000098100	  22.40000
00.000000098200	  22.40000
00.000000098300	  22.40000
00.000000098400	  22.40000
00.000000098500	  22.40000
00.000000098600	  22.40000
00.000000098700	  22.40000
00.000000098800	  22.40000
00.000000098900	  22.40000
00.000000099000	  22.40000
00.000000099100	  22.40000
00.000000099200	  22.40000
00.000000099300	  22.40000
00.000000099400	  22.40000
00.000000099500	  22.40000
00.000000099600	  22.40000
00.000000099700	  22.20000
00.000000099800	  22.20000
00.000000099900	  22.20000
00.000000100000	  22.20000
00.000000100100	  22.20000
00.000000100200	  22.20000
00.000000100300	  22.00000
00.000000100400	  22.00000
00.000000100500	  22.00000
00.000000100600	  22.00000
00.000000100700	  21.80000
00.000000100800	  21.80000
00.000000100900	  21.80000
00.000000101000	  21.80000
00.000000101100	  21.80000
00.000000101200	  21.60000
00.000000101300	  21.60000
00.000000101400	  21.60000
00.000000101500	  21.60000
00.000000101600	  21.60000
00.000000101700	  21.60000
00.000000101800	  21.40000
00.000000101900	  21.40000
00.000000102000	  21.40000
00.000000102100	  21.40000
00.000000102200	  21.40000
00.000000102300	  21.40000
00.000000102400	  21.40000
00.000000102500	  21.40000
00.000000102600	  21.40000
00.000000102700	  21.20000
00.000000102800	  21.20000
00.000000102900	  21.20000
00.000000103000	  21.20000
00.000000103100	  21.20000
00.000000103200	  21.00000
00.000000103300	  21.00000
00.000000103400	  21.00000
00.000000103500	  21.00000
00.000000103600	  21.00000
00.000000103700	  20.80000
00.000000103800	  20.80000
00.000000103900	  20.80000
00.000000104000	  20.80000
00.000000104100	  20.80000
00.000000104200	  20.80000
00.000000104300	  20.60000
00.000000104400	  20.60000
00.000000104500	  20.60000
00.000000104600	  20.60000
00.000000104700	  20.40000
00.000000104800	  20.40000
00.000000104900	  20.40000
00.000000105000	  20.20000
00.000000105100	  20.20000
00.000000105200	  20.20000
00.000000105300	  20.20000
00.000000105400	  20.00000
00.000000105500	  20.00000
00.000000105600	  20.00000
00.000000105700	  19.80000
00.000000105800	  19.80000
00.000000105900	  19.80000
00.000000106000	  19.60000
00.000000106100	  19.60000
00.000000106200	  19.60000
00.000000106300	  19.60000
00.000000106400	  19.40000
00.000000106500	  19.40000
00.000000106600	  19.40000
00.000000106700	  19.20000
00.000000106800	  19.20000
00.000000106900	  19.20000
00.000000107000	  19.00000
00.000000107100	  19.00000
00.000000107200	  18.80000
00.000000107300	  18.80000
00.000000107400	  18.80000
00.000000107500	  18.60000
00.000000107600	  18.60000
00.000000107700	  18.40000
00.000000107800	  18.40000
00.000000107900	  18.20000
00.000000108000	  18.20000
00.000000108100	  18.00000
00.000000108200	  18.00000
00.000000108300	  17.80000
00.000000108400	  17.80000
00.000000108500	  17.60000
00.000000108600	  17.60000
00.000000108700	  17.40000
00.000000108800	  17.40000
00.000000108900	  17.20000
00.000000109000	  17.20000
00.000000109100	  17.20000
00.000000109200	  17.00000
00.000000109300	  17.00000
00.000000109400	  16.80000
00.000000109500	  16.80000
00.000000109600	  16.80000
00.000000109700	  16.60000
00.000000109800	  16.60000
00.000000109900	  16.40000
00.000000110000	  16.40000
00.000000110100	  16.20000
00.000000110200	  16.20000
00.000000110300	  16.00000
00.000000110400	  16.00000
00.000000110500	  15.80000
00.000000110600	  15.80000
00.000000110700	  15.60000
00.000000110800	  15.60000
00.000000110900	  15.40000
00.000000111000	  15.40000
00.000000111100	  15.20000
00.000000111200	  15.20000
00.000000111300	  15.00000
00.000000111400	  15.00000
00.000000111500	  14.80000
00.000000111600	  14.80000
00.000000111700	  14.60000
00.000000111800	  14.40000
00.000000111900	  14.40000
00.000000112000	  14.20000
00.000000112100	  14.20000
00.000000112200	  14.00000
00.000000112300	  13.80000
00.000000112400	  13.80000
00.000000112500	  13.60000
00.000000112600	  13.60000
00.000000112700	  13.40000
00.000000112800	  13.40000
00.000000112900	  13.20000
00.000000113000	  13.20000
00.000000113100	  13.00000
00.000000113200	  13.00000
00.000000113300	  12.80000
00.000000113400	  12.80000
00.000000113500	  12.60000
00.000000113600	  12.60000
00.000000113700	  12.40000
00.000000113800	  12.40000
00.000000113900	  12.20000
00.000000114000	  12.20000
00.000000114100	  12.20000
00.000000114200	  12.00000
00.000000114300	  12.00000
00.000000114400	  11.80000
00.000000114500	  11.80000
00.000000114600	  11.80000
00.000000114700	  11.60000
00.000000114800	  11.60000
00.000000114900	  11.40000
00.000000115000	  11.40000
00.000000115100	  11.20000
00.000000115200	  11.20000
00.000000115300	  11.00000
00.000000115400	  11.00000
00.000000115500	  10.80000
00.000000115600	  10.80000
00.000000115700	  10.60000
00.000000115800	  10.40000
00.000000115900	  10.40000
00.000000116000	  10.20000
00.000000116100	  10.20000
00.000000116200	  10.00000
00.000000116300	   9.80000
00.000000116400	   9.80000
00.000000116500	   9.60000
00.000000116600	   9.60000
00.000000116700	   9.40000
00.000000116800	   9.20000
00.000000116900	   9.20000
00.000000117000	   9.00000
00.000000117100	   9.00000
00.000000117200	   8.80000
00.000000117300	   8.60000
00.000000117400	   8.60000
00.000000117500	   8.40000
00.000000117600	   8.40000
00.000000117700	   8.20000
00.000000117800	   8.20000
00.000000117900	   8.00000
00.000000118000	   8.00000
00.000000118100	   7.80000
00.000000118200	   7.80000
00.000000118300	   7.60000
00.000000118400	   7.60000
00.000000118500	   7.40000
00.000000118600	   7.40000
00.000000118700	   7.20000
00.000000118800	   7.20000
00.000000118900	   7.00000
00.000000119000	   7.00000
00.000000119100	   7.00000
00.000000119200	   6.80000
00.000000119300	   6.80000
00.000000119400	   6.60000
00.000000119500	   6.60000
00.000000119600	   6.60000
00.000000119700	   6.40000
00.000000119800	   6.40000
00.000000119900	   6.40000
00.000000120000	   6.20000
00.000000120100	   6.20000
00.000000120200	   6.20000
00.000000120300	   6.00000
00.000000120400	   6.00000
00.000000120500	   6.00000
00.000000120600	   6.00000
00.000000120700	   5.80000
00.000000120800	   5.80000
00.000000120900	   5.80000
00.000000121000	   5.60000
00.000000121100	   5.60000
00.000000121200	   5.60000
00.000000121300	   5.60000
00.000000121400	   5.40000
00.000000121500	   5.40000
00.000000121600	   5.40000
00.000000121700	   5.20000
00.000000121800	   5.20000
00.000000121900	   5.20000
00.000000122000	   5.00000
00.000000122100	   5.00000
00.000000122200	   5.00000
00.000000122300	   4.80000
00.000000122400	   4.80000
00.000000122500	   4.80000
00.000000122600	   4.80000
00.000000122700	   4.60000
00.000000122800	   4.60000
00.000000122900	   4.60000
00.000000123000	   4.60000
00.000000123100	   4.40000
00.000000123200	   4.40000
00.000000123300	   4.40000
00.000000123400	   4.40000
00.000000123500	   4.40000
00.000000123600	   4.40000
00.000000123700	   4.40000
00.000000123800	   4.40000
00.000000123900	   4.40000
00.000000124000	   4.40000
00.000000124100	   4.40000
00.000000124200	   4.40000
00.000000124300	   4.40000
00.000000124400	   4.40000
00.000000124500	   4.40000
00.000000124600	   4.40000
00.000000124700	   4.20000
00.000000124800	   4.20000
00.000000124900	   4.20000
00.000000125000	   4.20000
00.000000125100	   4.20000
00.000000125200	   4.00000
00.000000125300	   4.00000
00.000000125400	   4.00000
00.000000125500	   4.00000
00.000000125600	   4.00000
00.000000125700	   4.00000
00.000000125800	   4.00000
00.000000125900	   3.80000
00.000000126000	   3.80000
00.000000126100	   4.00000
00.000000126200	   4.00000
00.000000126300	   4.00000
00.000000126400	   4.00000
00.000000126500	   4.00000
00.000000126600	   4.00000
00.000000126700	   4.00000
00.000000126800	   4.00000
00.000000126900	   4.00000
00.000000127000	   4.00000
00.000000127100	   4.00000
00.000000127200	   4.00000
00.000000127300	   4.00000
00.000000127400	   4.00000
00.000000127500	   4.00000
00.000000127600	   4.00000
00.000000127700	   4.00000
00.000000127800	   4.00000
00.000000127900	   4.00000
00.000000128000	   4.00000
00.000000128100	   4.00000
00.000000128200	   4.00000
00.000000128300	   4.00000
00.000000128400	   4.00000
00.000000128500	   4.00000
00.000000128600	   4.00000
00.000000128700	   4.00000
00.000000128800	   4.00000
00.000000128900	   4.00000
00.000000129000	   4.00000
00.000000129100	   4.00000
00.000000129200	   4.00000
00.000000129300	   4.00000
00.000000129400	   4.00000
00.000000129500	   4.20000
00.000000129600	   4.20000
00.000000129700	   4.20000
00.000000129800	   4.20000
00.000000129900	   4.20000
00.000000130000	   4.20000
00.000000130100	   4.20000
00.000000130200	   4.20000
00.000000130300	   4.20000
00.000000130400	   4.20000
00.000000130500	   4.20000
00.000000130600	   4.20000
00.000000130700	   4.20000
00.000000130800	   4.20000
00.000000130900	   4.20000
00.000000131000	   4.20000
00.000000131100	   4.20000
00.000000131200	   4.20000
00.000000131300	   4.20000
00.000000131400	   4.20000
00.000000131500	   4.40000
00.000000131600	   4.40000
00.000000131700	   4.40000
00.000000131800	   4.40000
00.000000131900	   4.40000
00.000000132000	   4.40000
00.000000132100	   4.40000
00.000000132200	   4.40000
00.000000132300	   4.40000
00.000000132400	   4.60000
00.000000132500	   4.60000
00.000000132600	   4.60000
00.000000132700	   4.60000
00.000000132800	   4.40000
00.000000132900	   4.40000
00.000000133000	   4.40000
00.000000133100	   4.40000
00.000000133200	   4.40000
00.000000133300	   4.40000
00.000000133400	   4.40000
00.000000133500	   4.40000
00.000000133600	   4.40000
00.000000133700	   4.40000
00.000000133800	   4.40000
00.000000133900	   4.40000
00.000000134000	   4.40000
00.000000134100	   4.60000
00.000000134200	   4.60000
00.000000134300	   4.60000
00.000000134400	   4.60000
00.000000134500	   4.60000
00.000000134600	   4.80000
00.000000134700	   4.80000
00.000000134800	   4.80000
00.000000134900	   4.80000
00.000000135000	   4.80000
00.000000135100	   4.80000
00.000000135200	   4.80000
00.000000135300	   4.80000
00.000000135400	   4.80000
00.000000135500	   4.80000
00.000000135600	   4.80000
00.000000135700	   4.80000
00.000000135800	   4.80000
00.000000135900	   4.80000
00.000000136000	   4.80000
00.000000136100	   4.80000
00.000000136200	   4.80000
00.000000136300	   4.80000
00.000000136400	   4.80000
00.000000136500	   4.80000
00.000000136600	   4.80000
00.000000136700	   4.80000
00.000000136800	   4.80000
00.000000136900	   4.80000
00.000000137000	   4.80000
00.000000137100	   4.80000
00.000000137200	   4.80000
00.000000137300	   4.80000
00.000000137400	   4.80000
00.000000137500	   4.80000
00.000000137600	   4.80000
00.000000137700	   4.80000
00.000000137800	   4.80000
00.000000137900	   4.80000
00.000000138000	   4.80000
00.000000138100	   4.80000
00.000000138200	   4.80000
00.000000138300	   4.80000
00.000000138400	   4.80000
00.000000138500	   5.00000
00.000000138600	   5.00000
00.000000138700	   5.00000
00.000000138800	   5.00000
00.000000138900	   4.80000
00.000000139000	   4.80000
00.000000139100	   4.80000
00.000000139200	   4.80000
00.000000139300	   4.80000
00.000000139400	   4.80000
00.000000139500	   4.80000
00.000000139600	   4.80000
00.000000139700	   4.60000
00.000000139800	   4.60000
00.000000139900	   4.60000
00.000000140000	   4.60000
00.000000140100	   4.60000
00.000000140200	   4.60000
00.000000140300	   4.60000
00.000000140400	   4.60000
00.000000140500	   4.60000
00.000000140600	   4.60000
00.000000140700	   4.60000
00.000000140800	   4.60000
00.000000140900	   4.60000
00.000000141000	   4.60000
00.000000141100	   4.60000
00.000000141200	   4.60000
00.000000141300	   4.60000
00.000000141400	   4.60000
00.000000141500	   4.80000
00.000000141600	   4.80000
00.000000141700	   4.80000
00.000000141800	   4.80000
00.000000141900	   4.60000
00.000000142000	   4.60000
00.000000142100	   4.60000
00.000000142200	   4.60000
00.000000142300	   4.60000
00.000000142400	   4.60000
00.000000142500	   4.60000
00.000000142600	   4.60000
00.000000142700	   4.60000
00.000000142800	   4.40000
00.000000142900	   4.40000
00.000000143000	   4.40000
00.000000143100	   4.40000
00.000000143200	   4.40000
00.000000143300	   4.40000
00.000000143400	   4.40000
00.000000143500	   4.40000
00.000000143600	   4.40000
00.000000143700	   4.20000
00.000000143800	   4.20000
00.000000143900	   4.20000
00.000000144000	   4.20000
00.000000144100	   4.20000
00.000000144200	   4.00000
00.000000144300	   4.00000
00.000000144400	   4.00000
00.000000144500	   4.00000
00.000000144600	   4.00000
00.000000144700	   4.00000
00.000000144800	   4.00000
00.000000144900	   3.80000
00.000000145000	   3.80000
00.000000145100	   4.00000
00.000000145200	   4.00000
00.000000145300	   4.00000
00.000000145400	   4.00000
00.000000145500	   4.00000
00.000000145600	   4.00000
00.000000145700	   4.00000
00.000000145800	   4.00000
00.000000145900	   4.00000
00.000000146000	   4.00000
00.000000146100	   4.00000
00.000000146200	   4.00000
00.000000146300	   4.00000
00.000000146400	   4.00000
00.000000146500	   4.00000
00.000000146600	   4.00000
00.000000146700	   4.00000
00.000000146800	   4.00000
00.000000146900	   4.00000
00.000000147000	   4.00000
00.000000147100	   4.00000
00.000000147200	   4.00000
00.000000147300	   4.00000
00.000000147400	   4.00000
00.000000147500	   4.00000
00.000000147600	   4.00000
00.000000147700	   4.00000
00.000000147800	   4.00000
00.000000147900	   4.00000
00.000000148000	   4.00000
00.000000148100	   4.00000
00.000000148200	   4.00000
00.000000148300	   4.00000
00.000000148400	   4.00000
00.000000148500	   4.00000
00.000000148600	   4.00000
00.000000148700	   4.00000
00.000000148800	   3.80000
00.000000148900	   3.80000
00.000000149000	   3.80000
00.000000149100	   3.80000
00.000000149200	   3.80000
00.000000149300	   3.80000
00.000000149400	   3.80000
00.000000149500	   3.80000
00.000000149600	   3.80000
00.000000149700	   3.80000
00.000000149800	   3.60000
00.000000149900	   3.60000
00.000000150000	   3.60000
00.000000150100	   3.60000
00.000000150200	   3.60000
00.000000150300	   3.60000
00.000000150400	   3.60000
00.000000150500	   3.60000
00.000000150600	   3.60000
00.000000150700	   3.40000
00.000000150800	   3.40000
00.000000150900	   3.40000
00.000000151000	   3.40000
00.000000151100	   3.40000
00.000000151200	   3.40000
00.000000151300	   3.40000
00.000000151400	   3.40000
00.000000151500	   3.40000
00.000000151600	   3.40000
00.000000151700	   3.40000
00.000000151800	   3.40000
00.000000151900	   3.40000
00.000000152000	   3.40000
00.000000152100	   3.40000
00.000000152200	   3.40000
00.000000152300	   3.40000
00.000000152400	   3.40000
00.000000152500	   3.60000
00.000000152600	   3.60000
00.000000152700	   3.60000
00.000000152800	   3.60000
00.000000152900	   3.60000
00.000000153000	   3.60000
00.000000153100	   3.60000
00.000000153200	   3.60000
00.000000153300	   3.60000
00.000000153400	   3.60000
00.000000153500	   3.60000
00.000000153600	   3.60000
00.000000153700	   3.40000
00.000000153800	   3.40000
00.000000153900	   3.40000
00.000000154000	   3.40000
00.000000154100	   3.40000
00.000000154200	   3.20000
00.000000154300	   3.20000
00.000000154400	   3.20000
00.000000154500	   3.20000
00.000000154600	   3.20000
00.000000154700	   3.20000
00.000000154800	   3.20000
00.000000154900	   3.00000
00.000000155000	   3.00000
00.000000155100	   3.20000
00.000000155200	   3.20000
00.000000155300	   3.20000
00.000000155400	   3.20000
00.000000155500	   3.20000
00.000000155600	   3.20000
00.000000155700	   3.20000
00.000000155800	   3.20000
00.000000155900	   3.20000
00.000000156000	   3.20000
00.000000156100	   3.20000
00.000000156200	   3.20000
00.000000156300	   3.20000
00.000000156400	   3.20000
00.000000156500	   3.20000
00.000000156600	   3.20000
00.000000156700	   3.20000
00.000000156800	   3.00000
00.000000156900	   3.00000
00.000000157000	   3.00000
00.000000157100	   3.00000
00.000000157200	   3.00000
00.000000157300	   3.00000
00.000000157400	   3.00000
00.000000157500	   3.00000
00.000000157600	   3.00000
00.000000157700	   3.00000
00.000000157800	   3.00000
00.000000157900	   3.00000
00.000000158000	   3.00000
00.000000158100	   3.00000
00.000000158200	   3.00000
00.000000158300	   3.00000
00.000000158400	   3.00000
00.000000158500	   3.00000
00.000000158600	   3.20000
00.000000158700	   3.20000
00.000000158800	   3.20000
00.000000158900	   3.20000
00.000000159000	   3.20000
00.000000159100	   3.20000
00.000000159200	   3.20000
00.000000159300	   3.40000
00.000000159400	   3.40000
00.000000159500	   3.40000
00.000000159600	   3.40000
00.000000159700	   3.20000
00.000000159800	   3.20000
00.000000159900	   3.20000
00.000000160000	   3.20000
00.000000160100	   3.20000
00.000000160200	   3.00000
00.000000160300	   3.00000
00.000000160400	   3.00000
00.000000160500	   3.00000
00.000000160600	   3.00000
00.000000160700	   3.00000
00.000000160800	   3.00000
00.000000160900	   3.00000
00.000000161000	   3.00000
00.000000161100	   3.00000
00.000000161200	   3.00000
00.000000161300	   3.00000
00.000000161400	   3.00000
00.000000161500	   3.20000
00.000000161600	   3.20000
00.000000161700	   3.20000
00.000000161800	   3.20000
00.000000161900	   3.20000
00.000000162000	   3.20000
00.000000162100	   3.20000
00.000000162200	   3.20000
00.000000162300	   3.20000
00.000000162400	   3.20000
00.000000162500	   3.20000
00.000000162600	   3.20000
00.000000162700	   3.20000
00.000000162800	   3.00000
00.000000162900	   3.00000
00.000000163000	   3.00000
00.000000163100	   3.00000
00.000000163200	   3.00000
00.000000163300	   3.00000
00.000000163400	   3.00000
00.000000163500	   3.00000
00.000000163600	   3.00000
00.000000163700	   3.00000
00.000000163800	   3.00000
00.000000163900	   3.00000
00.000000164000	   2.80000
00.000000164100	   2.80000
00.000000164200	   2.80000
00.000000164300	   3.00000
00.000000164400	   3.00000
00.000000164500	   3.00000
00.000000164600	   3.00000
00.000000164700	   3.00000
00.000000164800	   3.00000
00.000000164900	   3.00000
00.000000165000	   3.00000
00.000000165100	   3.00000
00.000000165200	   3.00000
00.000000165300	   3.00000
00.000000165400	   3.00000
00.000000165500	   3.20000
00.000000165600	   3.20000
00.000000165700	   3.20000
00.000000165800	   3.00000
00.000000165900	   3.00000
00.000000166000	   3.00000
00.000000166100	   3.00000
00.000000166200	   3.00000
00.000000166300	   3.00000
00.000000166400	   3.00000
00.000000166500	   3.00000
00.000000166600	   3.00000
00.000000166700	   3.00000
00.000000166800	   3.00000
00.000000166900	   3.00000
00.000000167000	   2.80000
00.000000167100	   2.80000
00.000000167200	   2.80000
00.000000167300	   3.00000
00.000000167400	   3.00000
00.000000167500	   3.00000
00.000000167600	   3.00000
00.000000167700	   3.00000
00.000000167800	   3.00000
00.000000167900	   3.00000
00.000000168000	   3.00000
00.000000168100	   3.00000
00.000000168200	   3.00000
00.000000168300	   3.00000
00.000000168400	   3.00000
00.000000168500	   3.20000
00.000000168600	   3.20000
00.000000168700	   3.20000
00.000000168800	   3.00000
00.000000168900	   3.00000
00.000000169000	   3.00000
00.000000169100	   3.00000
00.000000169200	   3.00000
00.000000169300	   3.00000
00.000000169400	   3.00000
00.000000169500	   3.00000
00.000000169600	   3.00000
00.000000169700	   3.00000
00.000000169800	   3.00000
00.000000169900	   3.00000
00.000000170000	   2.80000
00.000000170100	   2.80000
00.000000170200	   2.80000
00.000000170300	   3.00000
00.000000170400	   3.00000
00.000000170500	   3.00000
00.000000170600	   3.00000
00.000000170700	   3.00000
00.000000170800	   3.00000
00.000000170900	   3.00000
00.000000171000	   3.00000
00.000000171100	   3.00000
00.000000171200	   3.00000
00.000000171300	   3.00000
00.000000171400	   3.20000
00.000000171500	   3.20000
00.000000171600	   3.20000
00.000000171700	   3.00000
00.000000171800	   3.00000
00.000000171900	   3.00000
00.000000172000	   3.00000
00.000000172100	   3.00000
00.000000172200	   2.80000
00.000000172300	   2.80000
00.000000172400	   2.80000
00.000000172500	   2.80000
00.000000172600	   2.80000
00.000000172700	   2.80000
00.000000172800	   2.80000
00.000000172900	   2.80000
00.000000173000	   2.80000
00.000000173100	   2.80000
00.000000173200	   2.80000
00.000000173300	   2.80000
00.000000173400	   2.80000
00.000000173500	   3.00000
00.000000173600	   3.00000
00.000000173700	   3.00000
00.000000173800	   3.00000
00.000000173900	   3.00000
00.000000174000	   3.00000
00.000000174100	   3.00000
00.000000174200	   3.00000
00.000000174300	   3.00000
00.000000174400	   3.00000
00.000000174500	   3.00000
00.000000174600	   3.00000
00.000000174700	   3.00000
00.000000174800	   2.80000
00.000000174900	   2.80000
00.000000175000	   2.80000
00.000000175100	   2.80000
00.000000175200	   2.80000
00.000000175300	   2.80000
00.000000175400	   2.80000
00.000000175500	   2.80000
00.000000175600	   2.80000
00.000000175700	   2.80000
00.000000175800	   2.80000
00.000000175900	   2.80000
00.000000176000	   2.80000
00.000000176100	   2.80000
00.000000176200	   2.80000
00.000000176300	   2.80000
00.000000176400	   2.80000
00.000000176500	   3.00000
00.000000176600	   3.00000
00.000000176700	   3.00000
00.000000176800	   3.00000
00.000000176900	   3.00000
00.000000177000	   3.00000
00.000000177100	   3.00000
00.000000177200	   3.00000
00.000000177300	   3.00000
00.000000177400	   3.00000
00.000000177500	   3.00000
00.000000177600	   3.00000
00.000000177700	   3.00000
00.000000177800	   2.80000
00.000000177900	   2.80000
00.000000178000	   2.80000
00.000000178100	   2.80000
00.000000178200	   2.80000
00.000000178300	   2.80000
00.000000178400	   2.80000
00.000000178500	   2.80000
00.000000178600	   2.80000
00.000000178700	   2.80000
00.000000178800	   2.80000
00.000000178900	   2.80000
00.000000179000	   2.80000
00.000000179100	   2.80000
00.000000179200	   2.80000
00.000000179300	   2.80000
00.000000179400	   2.80000
00.000000179500	   2.80000
00.000000179600	   2.80000
00.000000179700	   2.80000
00.000000179800	   2.60000
00.000000179900	   2.60000
00.000000180000	   2.60000
00.000000180100	   2.60000
00.000000180200	   2.60000
00.000000180300	   2.60000
00.000000180400	   2.60000
00.000000180500	   2.60000
00.000000180600	   2.60000
00.000000180700	   2.60000
00.000000180800	   2.60000
00.000000180900	   2.60000
00.000000181000	   2.60000
00.000000181100	   2.60000
00.000000181200	   2.60000
00.000000181300	   2.60000
00.000000181400	   2.60000
00.000000181500	   2.60000
00.000000181600	   2.60000
00.000000181700	   2.60000
00.000000181800	   2.60000
00.000000181900	   2.60000
00.000000182000	   2.60000
00.000000182100	   2.60000
00.000000182200	   2.60000
00.000000182300	   2.60000
00.000000182400	   2.60000
00.000000182500	   2.60000
00.000000182600	   2.60000
00.000000182700	   2.60000
00.000000182800	   2.60000
00.000000182900	   2.60000
00.000000183000	   2.60000
00.000000183100	   2.60000
00.000000183200	   2.60000
00.000000183300	   2.60000
00.000000183400	   2.60000
00.000000183500	   2.60000
00.000000183600	   2.60000
00.000000183700	   2.60000
00.000000183800	   2.60000
00.000000183900	   2.60000
00.000000184000	   2.60000
00.000000184100	   2.60000
00.000000184200	   2.60000
00.000000184300	   2.60000
00.000000184400	   2.60000
00.000000184500	   2.80000
00.000000184600	   2.80000
00.000000184700	   2.80000
00.000000184800	   2.60000
00.000000184900	   2.60000
00.000000185000	   2.60000
00.000000185100	   2.60000
00.000000185200	   2.60000
00.000000185300	   2.60000
00.000000185400	   2.60000
00.000000185500	   2.60000
00.000000185600	   2.60000
00.000000185700	   2.60000
00.000000185800	   2.60000
00.000000185900	   2.60000
00.000000186000	   2.40000
00.000000186100	   2.40000
00.000000186200	   2.40000
00.000000186300	   2.60000
00.000000186400	   2.60000
00.000000186500	   2.60000
00.000000186600	   2.60000
00.000000186700	   2.60000
00.000000186800	   2.60000
00.000000186900	   2.60000
00.000000187000	   2.60000
00.000000187100	   2.60000
00.000000187200	   2.60000
00.000000187300	   2.60000
00.000000187400	   2.60000
00.000000187500	   2.80000
00.000000187600	   2.80000
00.000000187700	   2.80000
00.000000187800	   2.60000
00.000000187900	   2.60000
00.000000188000	   2.60000
00.000000188100	   2.60000
00.000000188200	   2.60000
00.000000188300	   2.60000
00.000000188400	   2.60000
00.000000188500	   2.60000
00.000000188600	   2.60000
00.000000188700	   2.60000
00.000000188800	   2.60000
00.000000188900	   2.60000
00.000000189000	   2.60000
00.000000189100	   2.60000
00.000000189200	   2.60000
00.000000189300	   2.60000
00.000000189400	   2.60000
00.000000189500	   2.60000
00.000000189600	   2.60000
00.000000189700	   2.60000
00.000000189800	   2.60000
00.000000189900	   2.60000
00.000000190000	   2.60000
00.000000190100	   2.60000
00.000000190200	   2.60000
00.000000190300	   2.60000
00.000000190400	   2.60000
00.000000190500	   2.60000
00.000000190600	   2.60000
00.000000190700	   2.60000
00.000000190800	   2.40000
00.000000190900	   2.40000
00.000000191000	   2.40000
00.000000191100	   2.40000
00.000000191200	   2.40000
00.000000191300	   2.40000
00.000000191400	   2.40000
00.000000191500	   2.40000
00.000000191600	   2.40000
00.000000191700	   2.40000
00.000000191800	   2.40000
00.000000191900	   2.40000
00.000000192000	   2.40000
00.000000192100	   2.40000
00.000000192200	   2.40000
00.000000192300	   2.40000
00.000000192400	   2.40000
00.000000192500	   2.40000
00.000000192600	   2.40000
00.000000192700	   2.40000
00.000000192800	   2.40000
00.000000192900	   2.40000
00.000000193000	   2.40000
00.000000193100	   2.40000
00.000000193200	   2.40000
00.000000193300	   2.40000
00.000000193400	   2.40000
00.000000193500	   2.40000
00.000000193600	   2.40000
00.000000193700	   2.40000
00.000000193800	   2.20000
00.000000193900	   2.20000
00.000000194000	   2.20000
00.000000194100	   2.20000
00.000000194200	   2.20000
00.000000194300	   2.20000
00.000000194400	   2.20000
00.000000194500	   2.20000
00.000000194600	   2.20000
00.000000194700	   2.20000
00.000000194800	   2.20000
00.000000194900	   2.20000
00.000000195000	   2.20000
00.000000195100	   2.20000
00.000000195200	   2.20000
00.000000195300	   2.20000
00.000000195400	   2.20000
00.000000195500	   2.40000
00.000000195600	   2.40000
00.000000195700	   2.40000
00.000000195800	   2.40000
00.000000195900	   2.40000
00.000000196000	   2.40000
00.000000196100	   2.40000
00.000000196200	   2.40000
00.000000196300	   2.40000
00.000000196400	   2.40000
00.000000196500	   2.40000
00.000000196600	   2.40000
00.000000196700	   2.40000
00.000000196800	   2.40000
00.000000196900	   2.40000
