Record Length,2.500000e+03,,   0.078000000000,  -4.60000,
Sample Interval,4.000000e-05,,   0.078040000000,  -4.60000,
Trigger Point,-1.950000000000e+03,,   0.078080000000,  -4.60000,
,,,   0.078120000000,  -4.60000,
,,,   0.078160000000,  -4.60000,
,,,   0.078200000000,  -4.60000,
Source,CH2,,   0.078240000000,  -4.60000,
Vertical Units,V,,   0.078280000000,  -4.60000,
Vertical Scale,5.000000e+00,,   0.078320000000,  -4.60000,
Vertical Offset,-7.200000e+00,,   0.078360000000,  -4.60000,
Horizontal Units,s,,   0.078400000000,  -4.60000,
Horizontal Scale,1.000000e-02,,   0.078440000000,  -4.40000,
Pt Fmt,Y,,   0.078480000000,  -4.60000,
Yzero,0.000000e+00,,   0.078520000000,  -4.40000,
Probe Atten,1.000000e+01,,   0.078560000000,  -4.60000,
Model Number,TDS1012B,,   0.078600000000,  -4.40000,
Serial Number,C063623,,   0.078640000000,  -4.60000,
Firmware Version,FV:v22.01,,   0.078680000000,  -4.60000,
,,,0.078720000000,  -4.40000,
,,,0.078760000000,  -4.40000,
,,,0.078800000000,  -4.60000,
,,,0.078840000000,  -4.40000,
,,,0.078880000000,  -4.40000,
,,,0.078920000000,  -4.40000,
,,,0.078960000000,  -4.40000,
,,,0.079000000000,  -4.40000,
,,,0.079040000000,  -4.40000,
,,,0.079080000000,  -4.40000,
,,,0.079120000000,  -4.40000,
,,,0.079160000000,  -4.60000,
,,,0.079200000000,  -4.60000,
,,,0.079240000000,  -4.40000,
,,,0.079280000000,  -4.40000,
,,,0.079320000000,  -4.40000,
,,,0.079360000000,  -4.40000,
,,,0.079400000000,  -4.40000,
,,,0.079440000000,  -4.40000,
,,,0.079480000000,  -4.40000,
,,,0.079520000000,  -4.40000,
,,,0.079560000000,  -4.40000,
,,,0.079600000000,  -4.40000,
,,,0.079640000000,  -4.40000,
,,,0.079680000000,  -4.40000,
,,,0.079720000000,  -4.40000,
,,,0.079760000000,  -4.40000,
,,,0.079800000000,  -4.40000,
,,,0.079840000000,  -4.40000,
,,,0.079880000000,  -4.40000,
,,,0.079920000000,  -4.40000,
,,,0.079960000000,  -4.40000,
,,,0.080000000000,  -4.40000,
,,,0.080040000000,  -4.40000,
,,,0.080080000000,  -4.40000,
,,,0.080120000000,  -4.40000,
,,,0.080160000000,  -4.40000,
,,,0.080200000000,  -4.40000,
,,,0.080240000000,  -4.40000,
,,,0.080280000000,  -4.40000,
,,,0.080320000000,  -4.40000,
,,,0.080360000000,  -4.40000,
,,,0.080400000000,  -4.40000,
,,,0.080440000000,  -4.40000,
,,,0.080480000000,  -4.40000,
,,,0.080520000000,  -4.40000,
,,,0.080560000000,  -4.60000,
,,,0.080600000000,  -4.40000,
,,,0.080640000000,  -4.60000,
,,,0.080680000000,  -4.40000,
,,,0.080720000000,  -4.40000,
,,,0.080760000000,  -4.60000,
,,,0.080800000000,  -4.60000,
,,,0.080840000000,  -4.60000,
,,,0.080880000000,  -4.60000,
,,,0.080920000000,  -4.60000,
,,,0.080960000000,  -4.60000,
,,,0.081000000000,  -4.60000,
,,,0.081040000000,  -4.60000,
,,,0.081080000000,  -4.60000,
,,,0.081120000000,  -4.60000,
,,,0.081160000000,  -4.60000,
,,,0.081200000000,  -4.60000,
,,,0.081240000000,  -4.60000,
,,,0.081280000000,  -4.60000,
,,,0.081320000000,  -4.60000,
,,,0.081360000000,  -4.60000,
,,,0.081400000000,  -4.60000,
,,,0.081440000000,  -4.60000,
,,,0.081480000000,  -4.60000,
,,,0.081520000000,  -4.60000,
,,,0.081560000000,  -4.60000,
,,,0.081600000000,  -4.60000,
,,,0.081640000000,  -4.60000,
,,,0.081680000000,  -4.60000,
,,,0.081720000000,  -4.60000,
,,,0.081760000000,  -4.60000,
,,,0.081800000000,  -4.60000,
,,,0.081840000000,  -4.60000,
,,,0.081880000000,  -4.60000,
,,,0.081920000000,  -4.60000,
,,,0.081960000000,  -4.60000,
,,,0.082000000000,  -4.60000,
,,,0.082040000000,  -4.60000,
,,,0.082080000000,  -4.60000,
,,,0.082120000000,  -4.60000,
,,,0.082160000000,  -4.60000,
,,,0.082200000000,  -4.60000,
,,,0.082240000000,  -4.60000,
,,,0.082280000000,  -4.60000,
,,,0.082320000000,  -4.60000,
,,,0.082360000000,  -4.60000,
,,,0.082400000000,  -4.60000,
,,,0.082440000000,  -4.60000,
,,,0.082480000000,  -4.60000,
,,,0.082520000000,  -4.60000,
,,,0.082560000000,  -4.60000,
,,,0.082600000000,  -4.60000,
,,,0.082640000000,  -4.60000,
,,,0.082680000000,  -4.60000,
,,,0.082720000000,  -4.60000,
,,,0.082760000000,  -4.60000,
,,,0.082800000000,  -4.80000,
,,,0.082840000000,  -4.60000,
,,,0.082880000000,  -4.60000,
,,,0.082920000000,  -4.60000,
,,,0.082960000000,  -4.60000,
,,,0.083000000000,  -4.80000,
,,,0.083040000000,  -4.80000,
,,,0.083080000000,  -4.80000,
,,,0.083120000000,  -4.80000,
,,,0.083160000000,  -4.80000,
,,,0.083200000000,  -4.80000,
,,,0.083240000000,  -4.80000,
,,,0.083280000000,  -4.80000,
,,,0.083320000000,  -4.80000,
,,,0.083360000000,  -4.80000,
,,,0.083400000000,  -4.80000,
,,,0.083440000000,  -4.80000,
,,,0.083480000000,  -4.80000,
,,,0.083520000000,  -4.80000,
,,,0.083560000000,  -4.80000,
,,,0.083600000000,  -4.80000,
,,,0.083640000000,  -4.80000,
,,,0.083680000000,  -4.80000,
,,,0.083720000000,  -4.80000,
,,,0.083760000000,  -4.80000,
,,,0.083800000000,  -4.80000,
,,,0.083840000000,  -4.80000,
,,,0.083880000000,  -4.80000,
,,,0.083920000000,  -4.80000,
,,,0.083960000000,  -4.80000,
,,,0.084000000000,  -4.80000,
,,,0.084040000000,  -4.80000,
,,,0.084080000000,  -4.80000,
,,,0.084120000000,  -4.80000,
,,,0.084160000000,  -4.80000,
,,,0.084200000000,  -4.80000,
,,,0.084240000000,  -4.80000,
,,,0.084280000000,  -4.80000,
,,,0.084320000000,  -4.80000,
,,,0.084360000000,  -4.80000,
,,,0.084400000000,  -4.80000,
,,,0.084440000000,  -4.80000,
,,,0.084480000000,  -4.80000,
,,,0.084520000000,  -4.80000,
,,,0.084560000000,  -4.80000,
,,,0.084600000000,  -4.80000,
,,,0.084640000000,  -4.80000,
,,,0.084680000000,  -4.80000,
,,,0.084720000000,  -4.80000,
,,,0.084760000000,  -4.80000,
,,,0.084800000000,  -4.80000,
,,,0.084840000000,  -4.80000,
,,,0.084880000000,  -4.80000,
,,,0.084920000000,  -4.80000,
,,,0.084960000000,  -4.80000,
,,,0.085000000000,  -4.80000,
,,,0.085040000000,  -4.80000,
,,,0.085080000000,  -4.80000,
,,,0.085120000000,  -4.80000,
,,,0.085160000000,  -4.80000,
,,,0.085200000000,  -4.80000,
,,,0.085240000000,  -4.80000,
,,,0.085280000000,  -4.80000,
,,,0.085320000000,  -4.80000,
,,,0.085360000000,  -4.80000,
,,,0.085400000000,  -4.80000,
,,,0.085440000000,  -4.80000,
,,,0.085480000000,  -4.80000,
,,,0.085520000000,  -4.80000,
,,,0.085560000000,  -4.80000,
,,,0.085600000000,  -4.80000,
,,,0.085640000000,  -4.80000,
,,,0.085680000000,  -4.80000,
,,,0.085720000000,  -4.80000,
,,,0.085760000000,  -4.80000,
,,,0.085800000000,  -4.80000,
,,,0.085840000000,  -4.80000,
,,,0.085880000000,  -4.80000,
,,,0.085920000000,  -4.80000,
,,,0.085960000000,  -4.80000,
,,,0.086000000000,  -4.80000,
,,,0.086040000000,  -4.80000,
,,,0.086080000000,  -4.80000,
,,,0.086120000000,  -4.80000,
,,,0.086160000000,  -4.80000,
,,,0.086200000000,  -4.80000,
,,,0.086240000000,  -4.80000,
,,,0.086280000000,  -4.80000,
,,,0.086320000000,  -4.80000,
,,,0.086360000000,  -4.80000,
,,,0.086400000000,  -4.60000,
,,,0.086440000000,  -4.80000,
,,,0.086480000000,  -4.60000,
,,,0.086520000000,  -4.80000,
,,,0.086560000000,  -4.80000,
,,,0.086600000000,  -4.80000,
,,,0.086640000000,  -4.80000,
,,,0.086680000000,  -4.60000,
,,,0.086720000000,  -4.60000,
,,,0.086760000000,  -4.60000,
,,,0.086800000000,  -4.60000,
,,,0.086840000000,  -4.60000,
,,,0.086880000000,  -4.60000,
,,,0.086920000000,  -4.60000,
,,,0.086960000000,  -4.60000,
,,,0.087000000000,  -4.60000,
,,,0.087040000000,  -4.60000,
,,,0.087080000000,  -4.60000,
,,,0.087120000000,  -4.60000,
,,,0.087160000000,  -4.60000,
,,,0.087200000000,  -4.60000,
,,,0.087240000000,  -4.60000,
,,,0.087280000000,  -4.60000,
,,,0.087320000000,  -4.60000,
,,,0.087360000000,  -4.60000,
,,,0.087400000000,  -4.60000,
,,,0.087440000000,  -4.60000,
,,,0.087480000000,  -4.60000,
,,,0.087520000000,  -4.60000,
,,,0.087560000000,  -4.60000,
,,,0.087600000000,  -4.60000,
,,,0.087640000000,  -4.60000,
,,,0.087680000000,  -4.60000,
,,,0.087720000000,  -4.60000,
,,,0.087760000000,  -4.60000,
,,,0.087800000000,  -4.60000,
,,,0.087840000000,  -4.60000,
,,,0.087880000000,  -4.60000,
,,,0.087920000000,  -4.60000,
,,,0.087960000000,  -4.60000,
,,,0.088000000000,  -4.60000,
,,,0.088040000000,  -4.60000,
,,,0.088080000000,  -4.60000,
,,,0.088120000000,  -4.60000,
,,,0.088160000000,  -4.60000,
,,,0.088200000000,  -4.60000,
,,,0.088240000000,  -4.60000,
,,,0.088280000000,  -4.60000,
,,,0.088320000000,  -4.60000,
,,,0.088360000000,  -4.60000,
,,,0.088400000000,  -4.60000,
,,,0.088440000000,  -4.60000,
,,,0.088480000000,  -4.60000,
,,,0.088520000000,  -4.60000,
,,,0.088560000000,  -4.60000,
,,,0.088600000000,  -4.60000,
,,,0.088640000000,  -4.60000,
,,,0.088680000000,  -4.60000,
,,,0.088720000000,  -4.60000,
,,,0.088760000000,  -4.40000,
,,,0.088800000000,  -4.60000,
,,,0.088840000000,  -4.40000,
,,,0.088880000000,  -4.60000,
,,,0.088920000000,  -4.60000,
,,,0.088960000000,  -4.40000,
,,,0.089000000000,  -4.60000,
,,,0.089040000000,  -4.60000,
,,,0.089080000000,  -4.60000,
,,,0.089120000000,  -4.60000,
,,,0.089160000000,  -4.40000,
,,,0.089200000000,  -4.40000,
,,,0.089240000000,  -4.40000,
,,,0.089280000000,  -4.40000,
,,,0.089320000000,  -4.40000,
,,,0.089360000000,  -4.40000,
,,,0.089400000000,  -4.40000,
,,,0.089440000000,  -4.40000,
,,,0.089480000000,  -4.40000,
,,,0.089520000000,  -4.40000,
,,,0.089560000000,  -4.40000,
,,,0.089600000000,  -4.40000,
,,,0.089640000000,  -4.40000,
,,,0.089680000000,  -4.40000,
,,,0.089720000000,  -4.40000,
,,,0.089760000000,  -4.40000,
,,,0.089800000000,  -4.40000,
,,,0.089840000000,  -4.40000,
,,,0.089880000000,  -4.40000,
,,,0.089920000000,  -4.40000,
,,,0.089960000000,  -4.40000,
,,,0.090000000000,  -4.40000,
,,,0.090040000000,  -4.40000,
,,,0.090080000000,  -4.40000,
,,,0.090120000000,  -4.40000,
,,,0.090160000000,  -4.60000,
,,,0.090200000000,  -4.40000,
,,,0.090240000000,  -4.40000,
,,,0.090280000000,  -4.60000,
,,,0.090320000000,  -4.40000,
,,,0.090360000000,  -4.40000,
,,,0.090400000000,  -4.40000,
,,,0.090440000000,  -4.40000,
,,,0.090480000000,  -4.40000,
,,,0.090520000000,  -4.40000,
,,,0.090560000000,  -4.40000,
,,,0.090600000000,  -4.60000,
,,,0.090640000000,  -4.40000,
,,,0.090680000000,  -4.60000,
,,,0.090720000000,  -4.40000,
,,,0.090760000000,  -4.60000,
,,,0.090800000000,  -4.60000,
,,,0.090840000000,  -4.60000,
,,,0.090880000000,  -4.60000,
,,,0.090920000000,  -4.60000,
,,,0.090960000000,  -4.60000,
,,,0.091000000000,  -4.60000,
,,,0.091040000000,  -4.60000,
,,,0.091080000000,  -4.60000,
,,,0.091120000000,  -4.60000,
,,,0.091160000000,  -4.60000,
,,,0.091200000000,  -4.60000,
,,,0.091240000000,  -4.60000,
,,,0.091280000000,  -4.60000,
,,,0.091320000000,  -4.60000,
,,,0.091360000000,  -4.60000,
,,,0.091400000000,  -4.60000,
,,,0.091440000000,  -4.60000,
,,,0.091480000000,  -4.60000,
,,,0.091520000000,  -4.60000,
,,,0.091560000000,  -4.60000,
,,,0.091600000000,  -4.60000,
,,,0.091640000000,  -4.60000,
,,,0.091680000000,  -4.60000,
,,,0.091720000000,  -4.60000,
,,,0.091760000000,  -4.60000,
,,,0.091800000000,  -4.60000,
,,,0.091840000000,  -4.60000,
,,,0.091880000000,  -4.60000,
,,,0.091920000000,  -4.60000,
,,,0.091960000000,  -4.60000,
,,,0.092000000000,  -4.60000,
,,,0.092040000000,  -4.60000,
,,,0.092080000000,  -4.60000,
,,,0.092120000000,  -4.60000,
,,,0.092160000000,  -4.60000,
,,,0.092200000000,  -4.60000,
,,,0.092240000000,  -4.60000,
,,,0.092280000000,  -4.60000,
,,,0.092320000000,  -4.60000,
,,,0.092360000000,  -4.60000,
,,,0.092400000000,  -4.60000,
,,,0.092440000000,  -4.60000,
,,,0.092480000000,  -4.60000,
,,,0.092520000000,  -4.60000,
,,,0.092560000000,  -4.60000,
,,,0.092600000000,  -4.60000,
,,,0.092640000000,  -4.60000,
,,,0.092680000000,  -4.60000,
,,,0.092720000000,  -4.80000,
,,,0.092760000000,  -4.60000,
,,,0.092800000000,  -4.80000,
,,,0.092840000000,  -4.60000,
,,,0.092880000000,  -4.80000,
,,,0.092920000000,  -4.80000,
,,,0.092960000000,  -4.80000,
,,,0.093000000000,  -4.80000,
,,,0.093040000000,  -4.80000,
,,,0.093080000000,  -4.80000,
,,,0.093120000000,  -4.80000,
,,,0.093160000000,  -4.80000,
,,,0.093200000000,  -4.80000,
,,,0.093240000000,  -4.80000,
,,,0.093280000000,  -4.80000,
,,,0.093320000000,  -4.80000,
,,,0.093360000000,  -4.80000,
,,,0.093400000000,  -4.80000,
,,,0.093440000000,  -4.80000,
,,,0.093480000000,  -4.80000,
,,,0.093520000000,  -4.80000,
,,,0.093560000000,  -4.80000,
,,,0.093600000000,  -4.80000,
,,,0.093640000000,  -4.80000,
,,,0.093680000000,  -4.80000,
,,,0.093720000000,  -4.80000,
,,,0.093760000000,  -4.80000,
,,,0.093800000000,  -4.80000,
,,,0.093840000000,  -4.80000,
,,,0.093880000000,  -4.80000,
,,,0.093920000000,  -4.80000,
,,,0.093960000000,  -4.80000,
,,,0.094000000000,  -4.80000,
,,,0.094040000000,  -4.80000,
,,,0.094080000000,  -4.80000,
,,,0.094120000000,  -4.80000,
,,,0.094160000000,  -4.80000,
,,,0.094200000000,  -4.80000,
,,,0.094240000000,  -4.80000,
,,,0.094280000000,  -4.80000,
,,,0.094320000000,  -4.80000,
,,,0.094360000000,  -4.80000,
,,,0.094400000000,  -4.80000,
,,,0.094440000000,  -4.80000,
,,,0.094480000000,  -4.80000,
,,,0.094520000000,  -4.80000,
,,,0.094560000000,  -4.80000,
,,,0.094600000000,  -4.80000,
,,,0.094640000000,  -4.80000,
,,,0.094680000000,  -4.80000,
,,,0.094720000000,  -4.80000,
,,,0.094760000000,  -4.80000,
,,,0.094800000000,  -4.80000,
,,,0.094840000000,  -4.80000,
,,,0.094880000000,  -4.80000,
,,,0.094920000000,  -4.80000,
,,,0.094960000000,  -4.80000,
,,,0.095000000000,  -4.80000,
,,,0.095040000000,  -4.80000,
,,,0.095080000000,  -4.80000,
,,,0.095120000000,  -4.80000,
,,,0.095160000000,  -4.80000,
,,,0.095200000000,  -4.80000,
,,,0.095240000000,  -4.80000,
,,,0.095280000000,  -4.80000,
,,,0.095320000000,  -4.80000,
,,,0.095360000000,  -4.80000,
,,,0.095400000000,  -4.80000,
,,,0.095440000000,  -4.80000,
,,,0.095480000000,  -4.80000,
,,,0.095520000000,  -4.80000,
,,,0.095560000000,  -4.80000,
,,,0.095600000000,  -4.80000,
,,,0.095640000000,  -4.80000,
,,,0.095680000000,  -4.80000,
,,,0.095720000000,  -4.80000,
,,,0.095760000000,  -4.80000,
,,,0.095800000000,  -4.80000,
,,,0.095840000000,  -4.80000,
,,,0.095880000000,  -4.80000,
,,,0.095920000000,  -4.80000,
,,,0.095960000000,  -4.80000,
,,,0.096000000000,  -4.80000,
,,,0.096040000000,  -4.80000,
,,,0.096080000000,  -4.80000,
,,,0.096120000000,  -4.80000,
,,,0.096160000000,  -4.80000,
,,,0.096200000000,  -4.80000,
,,,0.096240000000,  -4.80000,
,,,0.096280000000,  -4.80000,
,,,0.096320000000,  -4.80000,
,,,0.096360000000,  -4.80000,
,,,0.096400000000,  -4.80000,
,,,0.096440000000,  -4.80000,
,,,0.096480000000,  -4.80000,
,,,0.096520000000,  -4.80000,
,,,0.096560000000,  -4.80000,
,,,0.096600000000,  -4.60000,
,,,0.096640000000,  -4.80000,
,,,0.096680000000,  -4.60000,
,,,0.096720000000,  -4.60000,
,,,0.096760000000,  -4.80000,
,,,0.096800000000,  -4.80000,
,,,0.096840000000,  -4.80000,
,,,0.096880000000,  -4.60000,
,,,0.096920000000,  -4.60000,
,,,0.096960000000,  -4.60000,
,,,0.097000000000,  -4.60000,
,,,0.097040000000,  -4.60000,
,,,0.097080000000,  -4.60000,
,,,0.097120000000,  -4.60000,
,,,0.097160000000,  -4.60000,
,,,0.097200000000,  -4.60000,
,,,0.097240000000,  -4.60000,
,,,0.097280000000,  -4.60000,
,,,0.097320000000,  -4.60000,
,,,0.097360000000,  -4.60000,
,,,0.097400000000,  -4.60000,
,,,0.097440000000,  -4.60000,
,,,0.097480000000,  -4.60000,
,,,0.097520000000,  -4.60000,
,,,0.097560000000,  -4.60000,
,,,0.097600000000,  -4.60000,
,,,0.097640000000,  -4.60000,
,,,0.097680000000,  -4.60000,
,,,0.097720000000,  -4.60000,
,,,0.097760000000,  -4.60000,
,,,0.097800000000,  -4.60000,
,,,0.097840000000,  -4.60000,
,,,0.097880000000,  -4.60000,
,,,0.097920000000,  -4.60000,
,,,0.097960000000,  -4.60000,
,,,0.098000000000,  -4.60000,
,,,0.098040000000,  -4.60000,
,,,0.098080000000,  -4.60000,
,,,0.098120000000,  -4.60000,
,,,0.098160000000,  -4.60000,
,,,0.098200000000,  -4.60000,
,,,0.098240000000,  -4.60000,
,,,0.098280000000,  -4.60000,
,,,0.098320000000,  -4.60000,
,,,0.098360000000,  -4.60000,
,,,0.098400000000,  -4.40000,
,,,0.098440000000,  -4.60000,
,,,0.098480000000,  -4.40000,
,,,0.098520000000,  -4.40000,
,,,0.098560000000,  -4.60000,
,,,0.098600000000,  -4.40000,
,,,0.098640000000,  -4.40000,
,,,0.098680000000,  -4.40000,
,,,0.098720000000,  -4.40000,
,,,0.098760000000,  -4.40000,
,,,0.098800000000,  -4.60000,
,,,0.098840000000,  -4.40000,
,,,0.098880000000,  -4.60000,
,,,0.098920000000,  -4.40000,
,,,0.098960000000,  -4.60000,
,,,0.099000000000,  -4.60000,
,,,0.099040000000,  -4.40000,
,,,0.099080000000,  -4.40000,
,,,0.099120000000,  -4.40000,
,,,0.099160000000,  -4.40000,
,,,0.099200000000,  -4.60000,
,,,0.099240000000,  -4.40000,
,,,0.099280000000,  -4.40000,
,,,0.099320000000,  -4.40000,
,,,0.099360000000,  -4.40000,
,,,0.099400000000,  -4.40000,
,,,0.099440000000,  -4.40000,
,,,0.099480000000,  -4.40000,
,,,0.099520000000,  -4.40000,
,,,0.099560000000,  -4.40000,
,,,0.099600000000,  -4.40000,
,,,0.099640000000,  -4.40000,
,,,0.099680000000,  -4.40000,
,,,0.099720000000,  -4.40000,
,,,0.099760000000,  -4.40000,
,,,0.099800000000,  -4.40000,
,,,0.099840000000,  -4.40000,
,,,0.099880000000,  -4.40000,
,,,0.099920000000,  -4.40000,
,,,0.099960000000,  -4.40000,
,,,0.100000000000,  -4.60000,
,,,0.100040000000,  -4.40000,
,,,0.100080000000,  -4.40000,
,,,0.100120000000,  -4.40000,
,,,0.100160000000,  -4.40000,
,,,0.100200000000,  -4.40000,
,,,0.100240000000,  -4.40000,
,,,0.100280000000,  -4.40000,
,,,0.100320000000,  -4.40000,
,,,0.100360000000,  -4.40000,
,,,0.100400000000,  -4.20000,
,,,0.100440000000,  -4.20000,
,,,0.100480000000,  -4.00000,
,,,0.100520000000,  -4.00000,
,,,0.100560000000,  -4.00000,
,,,0.100600000000,  -3.80000,
,,,0.100640000000,  -3.80000,
,,,0.100680000000,  -3.60000,
,,,0.100720000000,  -3.60000,
,,,0.100760000000,  -3.60000,
,,,0.100800000000,  -3.40000,
,,,0.100840000000,  -3.40000,
,,,0.100880000000,  -3.20000,
,,,0.100920000000,  -3.20000,
,,,0.100960000000,  -3.00000,
,,,0.101000000000,  -3.00000,
,,,0.101040000000,  -3.00000,
,,,0.101080000000,  -2.80000,
,,,0.101120000000,  -2.80000,
,,,0.101160000000,  -2.60000,
,,,0.101200000000,  -2.60000,
,,,0.101240000000,  -2.60000,
,,,0.101280000000,  -2.60000,
,,,0.101320000000,  -2.40000,
,,,0.101360000000,  -2.40000,
,,,0.101400000000,  -2.20000,
,,,0.101440000000,  -2.20000,
,,,0.101480000000,  -2.20000,
,,,0.101520000000,  -2.00000,
,,,0.101560000000,  -2.00000,
,,,0.101600000000,  -2.00000,
,,,0.101640000000,  -2.00000,
,,,0.101680000000,  -1.80000,
,,,0.101720000000,  -1.80000,
,,,0.101760000000,  -1.80000,
,,,0.101800000000,  -1.60000,
,,,0.101840000000,  -1.60000,
,,,0.101880000000,  -1.40000,
,,,0.101920000000,  -1.40000,
,,,0.101960000000,  -1.40000,
,,,0.102000000000,  -1.40000,
,,,0.102040000000,  -1.20000,
,,,0.102080000000,  -1.20000,
,,,0.102120000000,  -1.20000,
,,,0.102160000000,  -1.00000,
,,,0.102200000000,  -1.00000,
,,,0.102240000000,  -1.00000,
,,,0.102280000000,  -1.00000,
,,,0.102320000000,  -0.80000,
,,,0.102360000000,  -0.80000,
,,,0.102400000000,  -0.80000,
,,,0.102440000000,  -0.60000,
,,,0.102480000000,  -0.60000,
,,,0.102520000000,  -0.60000,
,,,0.102560000000,  -0.60000,
,,,0.102600000000,  -0.40000,
,,,0.102640000000,  -0.40000,
,,,0.102680000000,  -0.40000,
,,,0.102720000000,  -0.40000,
,,,0.102760000000,  -0.20000,
,,,0.102800000000,  -0.20000,
,,,0.102840000000,  -0.20000,
,,,0.102880000000,  -0.20000,
,,,0.102920000000,   0.00000,
,,,0.102960000000,   0.00000,
,,,0.103000000000,   0.00000,
,,,0.103040000000,   0.00000,
,,,0.103080000000,   0.20000,
,,,0.103120000000,   0.20000,
,,,0.103160000000,   0.20000,
,,,0.103200000000,   0.20000,
,,,0.103240000000,   0.40000,
,,,0.103280000000,   0.40000,
,,,0.103320000000,   0.40000,
,,,0.103360000000,   0.40000,
,,,0.103400000000,   0.40000,
,,,0.103440000000,   0.60000,
,,,0.103480000000,   0.60000,
,,,0.103520000000,   0.60000,
,,,0.103560000000,   0.60000,
,,,0.103600000000,   0.60000,
,,,0.103640000000,   0.80000,
,,,0.103680000000,   0.80000,
,,,0.103720000000,   0.80000,
,,,0.103760000000,   0.80000,
,,,0.103800000000,   1.00000,
,,,0.103840000000,   1.00000,
,,,0.103880000000,   1.00000,
,,,0.103920000000,   1.00000,
,,,0.103960000000,   1.00000,
,,,0.104000000000,   1.20000,
,,,0.104040000000,   1.20000,
,,,0.104080000000,   1.20000,
,,,0.104120000000,   1.20000,
,,,0.104160000000,   1.20000,
,,,0.104200000000,   1.40000,
,,,0.104240000000,   1.40000,
,,,0.104280000000,   1.40000,
,,,0.104320000000,   1.40000,
,,,0.104360000000,   1.40000,
,,,0.104400000000,   1.40000,
,,,0.104440000000,   1.60000,
,,,0.104480000000,   1.60000,
,,,0.104520000000,   1.60000,
,,,0.104560000000,   1.60000,
,,,0.104600000000,   1.80000,
,,,0.104640000000,   1.80000,
,,,0.104680000000,   1.80000,
,,,0.104720000000,   1.80000,
,,,0.104760000000,   1.80000,
,,,0.104800000000,   2.00000,
,,,0.104840000000,   2.00000,
,,,0.104880000000,   2.00000,
,,,0.104920000000,   2.00000,
,,,0.104960000000,   2.00000,
,,,0.105000000000,   2.00000,
,,,0.105040000000,   2.20000,
,,,0.105080000000,   2.20000,
,,,0.105120000000,   2.20000,
,,,0.105160000000,   2.20000,
,,,0.105200000000,   2.20000,
,,,0.105240000000,   2.40000,
,,,0.105280000000,   2.40000,
,,,0.105320000000,   2.40000,
,,,0.105360000000,   2.40000,
,,,0.105400000000,   2.40000,
,,,0.105440000000,   2.40000,
,,,0.105480000000,   2.60000,
,,,0.105520000000,   2.60000,
,,,0.105560000000,   2.60000,
,,,0.105600000000,   2.60000,
,,,0.105640000000,   2.60000,
,,,0.105680000000,   2.60000,
,,,0.105720000000,   2.80000,
,,,0.105760000000,   2.80000,
,,,0.105800000000,   2.80000,
,,,0.105840000000,   2.80000,
,,,0.105880000000,   2.80000,
,,,0.105920000000,   3.00000,
,,,0.105960000000,   3.00000,
,,,0.106000000000,   3.00000,
,,,0.106040000000,   3.00000,
,,,0.106080000000,   3.00000,
,,,0.106120000000,   3.00000,
,,,0.106160000000,   3.00000,
,,,0.106200000000,   3.20000,
,,,0.106240000000,   3.20000,
,,,0.106280000000,   3.20000,
,,,0.106320000000,   3.20000,
,,,0.106360000000,   3.20000,
,,,0.106400000000,   3.20000,
,,,0.106440000000,   3.40000,
,,,0.106480000000,   3.40000,
,,,0.106520000000,   3.40000,
,,,0.106560000000,   3.40000,
,,,0.106600000000,   3.40000,
,,,0.106640000000,   3.40000,
,,,0.106680000000,   3.60000,
,,,0.106720000000,   3.60000,
,,,0.106760000000,   3.60000,
,,,0.106800000000,   3.60000,
,,,0.106840000000,   3.60000,
,,,0.106880000000,   3.60000,
,,,0.106920000000,   3.60000,
,,,0.106960000000,   3.80000,
,,,0.107000000000,   3.80000,
,,,0.107040000000,   3.80000,
,,,0.107080000000,   3.80000,
,,,0.107120000000,   3.80000,
,,,0.107160000000,   4.00000,
,,,0.107200000000,   4.00000,
,,,0.107240000000,   4.00000,
,,,0.107280000000,   4.00000,
,,,0.107320000000,   4.00000,
,,,0.107360000000,   4.00000,
,,,0.107400000000,   4.00000,
,,,0.107440000000,   4.00000,
,,,0.107480000000,   4.20000,
,,,0.107520000000,   4.20000,
,,,0.107560000000,   4.20000,
,,,0.107600000000,   4.20000,
,,,0.107640000000,   4.20000,
,,,0.107680000000,   4.20000,
,,,0.107720000000,   4.20000,
,,,0.107760000000,   4.40000,
,,,0.107800000000,   4.40000,
,,,0.107840000000,   4.40000,
,,,0.107880000000,   4.40000,
,,,0.107920000000,   4.40000,
,,,0.107960000000,   4.40000,
,,,0.108000000000,   4.40000,
,,,0.108040000000,   4.60000,
,,,0.108080000000,   4.60000,
,,,0.108120000000,   4.60000,
,,,0.108160000000,   4.60000,
,,,0.108200000000,   4.60000,
,,,0.108240000000,   4.60000,
,,,0.108280000000,   4.60000,
,,,0.108320000000,   4.60000,
,,,0.108360000000,   4.60000,
,,,0.108400000000,   4.80000,
,,,0.108440000000,   4.80000,
,,,0.108480000000,   4.80000,
,,,0.108520000000,   4.80000,
,,,0.108560000000,   4.80000,
,,,0.108600000000,   4.80000,
,,,0.108640000000,   4.80000,
,,,0.108680000000,   4.80000,
,,,0.108720000000,   5.00000,
,,,0.108760000000,   5.00000,
,,,0.108800000000,   5.00000,
,,,0.108840000000,   5.00000,
,,,0.108880000000,   5.00000,
,,,0.108920000000,   5.00000,
,,,0.108960000000,   5.00000,
,,,0.109000000000,   5.00000,
,,,0.109040000000,   5.00000,
,,,0.109080000000,   5.00000,
,,,0.109120000000,   5.20000,
,,,0.109160000000,   5.20000,
,,,0.109200000000,   5.20000,
,,,0.109240000000,   5.20000,
,,,0.109280000000,   5.20000,
,,,0.109320000000,   5.20000,
,,,0.109360000000,   5.20000,
,,,0.109400000000,   5.20000,
,,,0.109440000000,   5.20000,
,,,0.109480000000,   5.20000,
,,,0.109520000000,   5.40000,
,,,0.109560000000,   5.40000,
,,,0.109600000000,   5.40000,
,,,0.109640000000,   5.40000,
,,,0.109680000000,   5.40000,
,,,0.109720000000,   5.40000,
,,,0.109760000000,   5.40000,
,,,0.109800000000,   5.40000,
,,,0.109840000000,   5.40000,
,,,0.109880000000,   5.40000,
,,,0.109920000000,   5.60000,
,,,0.109960000000,   5.60000,
,,,0.110000000000,   5.60000,
,,,0.110040000000,   5.60000,
,,,0.110080000000,   5.60000,
,,,0.110120000000,   5.60000,
,,,0.110160000000,   5.60000,
,,,0.110200000000,   5.60000,
,,,0.110240000000,   5.60000,
,,,0.110280000000,   5.60000,
,,,0.110320000000,   5.60000,
,,,0.110360000000,   5.60000,
,,,0.110400000000,   5.60000,
,,,0.110440000000,   5.60000,
,,,0.110480000000,   5.60000,
,,,0.110520000000,   5.80000,
,,,0.110560000000,   5.80000,
,,,0.110600000000,   5.80000,
,,,0.110640000000,   5.80000,
,,,0.110680000000,   5.80000,
,,,0.110720000000,   5.80000,
,,,0.110760000000,   5.80000,
,,,0.110800000000,   5.80000,
,,,0.110840000000,   5.80000,
,,,0.110880000000,   5.80000,
,,,0.110920000000,   5.80000,
,,,0.110960000000,   5.80000,
,,,0.111000000000,   5.80000,
,,,0.111040000000,   5.80000,
,,,0.111080000000,   6.00000,
,,,0.111120000000,   5.80000,
,,,0.111160000000,   6.00000,
,,,0.111200000000,   6.00000,
,,,0.111240000000,   6.00000,
,,,0.111280000000,   6.00000,
,,,0.111320000000,   6.00000,
,,,0.111360000000,   6.00000,
,,,0.111400000000,   6.00000,
,,,0.111440000000,   6.00000,
,,,0.111480000000,   6.00000,
,,,0.111520000000,   6.00000,
,,,0.111560000000,   6.00000,
,,,0.111600000000,   6.00000,
,,,0.111640000000,   6.00000,
,,,0.111680000000,   6.00000,
,,,0.111720000000,   6.00000,
,,,0.111760000000,   6.00000,
,,,0.111800000000,   6.00000,
,,,0.111840000000,   6.00000,
,,,0.111880000000,   6.00000,
,,,0.111920000000,   6.00000,
,,,0.111960000000,   6.20000,
,,,0.112000000000,   6.00000,
,,,0.112040000000,   6.20000,
,,,0.112080000000,   6.20000,
,,,0.112120000000,   6.20000,
,,,0.112160000000,   6.20000,
,,,0.112200000000,   6.20000,
,,,0.112240000000,   6.20000,
,,,0.112280000000,   6.20000,
,,,0.112320000000,   6.20000,
,,,0.112360000000,   6.20000,
,,,0.112400000000,   6.20000,
,,,0.112440000000,   6.20000,
,,,0.112480000000,   6.20000,
,,,0.112520000000,   6.20000,
,,,0.112560000000,   6.20000,
,,,0.112600000000,   6.20000,
,,,0.112640000000,   6.20000,
,,,0.112680000000,   6.20000,
,,,0.112720000000,   6.20000,
,,,0.112760000000,   6.40000,
,,,0.112800000000,   6.40000,
,,,0.112840000000,   6.40000,
,,,0.112880000000,   6.40000,
,,,0.112920000000,   6.40000,
,,,0.112960000000,   6.40000,
,,,0.113000000000,   6.40000,
,,,0.113040000000,   6.40000,
,,,0.113080000000,   6.40000,
,,,0.113120000000,   6.40000,
,,,0.113160000000,   6.40000,
,,,0.113200000000,   6.40000,
,,,0.113240000000,   6.40000,
,,,0.113280000000,   6.40000,
,,,0.113320000000,   6.40000,
,,,0.113360000000,   6.40000,
,,,0.113400000000,   6.40000,
,,,0.113440000000,   6.40000,
,,,0.113480000000,   6.40000,
,,,0.113520000000,   6.40000,
,,,0.113560000000,   6.40000,
,,,0.113600000000,   6.40000,
,,,0.113640000000,   6.40000,
,,,0.113680000000,   6.40000,
,,,0.113720000000,   6.40000,
,,,0.113760000000,   6.40000,
,,,0.113800000000,   6.60000,
,,,0.113840000000,   6.60000,
,,,0.113880000000,   6.40000,
,,,0.113920000000,   6.60000,
,,,0.113960000000,   6.60000,
,,,0.114000000000,   6.60000,
,,,0.114040000000,   6.60000,
,,,0.114080000000,   6.60000,
,,,0.114120000000,   6.60000,
,,,0.114160000000,   6.60000,
,,,0.114200000000,   6.60000,
,,,0.114240000000,   6.60000,
,,,0.114280000000,   6.60000,
,,,0.114320000000,   6.60000,
,,,0.114360000000,   6.60000,
,,,0.114400000000,   6.60000,
,,,0.114440000000,   6.60000,
,,,0.114480000000,   6.60000,
,,,0.114520000000,   6.60000,
,,,0.114560000000,   6.60000,
,,,0.114600000000,   6.60000,
,,,0.114640000000,   6.60000,
,,,0.114680000000,   6.60000,
,,,0.114720000000,   6.60000,
,,,0.114760000000,   6.80000,
,,,0.114800000000,   6.60000,
,,,0.114840000000,   6.80000,
,,,0.114880000000,   6.80000,
,,,0.114920000000,   6.80000,
,,,0.114960000000,   6.80000,
,,,0.115000000000,   6.80000,
,,,0.115040000000,   6.80000,
,,,0.115080000000,   6.80000,
,,,0.115120000000,   6.80000,
,,,0.115160000000,   6.80000,
,,,0.115200000000,   6.80000,
,,,0.115240000000,   6.80000,
,,,0.115280000000,   6.80000,
,,,0.115320000000,   6.80000,
,,,0.115360000000,   6.80000,
,,,0.115400000000,   6.80000,
,,,0.115440000000,   6.80000,
,,,0.115480000000,   6.80000,
,,,0.115520000000,   6.80000,
,,,0.115560000000,   6.80000,
,,,0.115600000000,   7.00000,
,,,0.115640000000,   7.00000,
,,,0.115680000000,   7.00000,
,,,0.115720000000,   7.00000,
,,,0.115760000000,   7.00000,
,,,0.115800000000,   7.00000,
,,,0.115840000000,   7.00000,
,,,0.115880000000,   7.00000,
,,,0.115920000000,   7.00000,
,,,0.115960000000,   7.00000,
,,,0.116000000000,   7.00000,
,,,0.116040000000,   7.00000,
,,,0.116080000000,   7.00000,
,,,0.116120000000,   7.00000,
,,,0.116160000000,   7.00000,
,,,0.116200000000,   7.20000,
,,,0.116240000000,   7.20000,
,,,0.116280000000,   7.20000,
,,,0.116320000000,   7.20000,
,,,0.116360000000,   7.20000,
,,,0.116400000000,   7.20000,
,,,0.116440000000,   7.20000,
,,,0.116480000000,   7.20000,
,,,0.116520000000,   7.20000,
,,,0.116560000000,   7.20000,
,,,0.116600000000,   7.20000,
,,,0.116640000000,   7.20000,
,,,0.116680000000,   7.20000,
,,,0.116720000000,   7.20000,
,,,0.116760000000,   7.20000,
,,,0.116800000000,   7.20000,
,,,0.116840000000,   7.40000,
,,,0.116880000000,   7.40000,
,,,0.116920000000,   7.40000,
,,,0.116960000000,   7.40000,
,,,0.117000000000,   7.40000,
,,,0.117040000000,   7.40000,
,,,0.117080000000,   7.40000,
,,,0.117120000000,   7.40000,
,,,0.117160000000,   7.40000,
,,,0.117200000000,   7.40000,
,,,0.117240000000,   7.40000,
,,,0.117280000000,   7.40000,
,,,0.117320000000,   7.40000,
,,,0.117360000000,   7.40000,
,,,0.117400000000,   7.40000,
,,,0.117440000000,   7.40000,
,,,0.117480000000,   7.40000,
,,,0.117520000000,   7.40000,
,,,0.117560000000,   7.60000,
,,,0.117600000000,   7.60000,
,,,0.117640000000,   7.60000,
,,,0.117680000000,   7.60000,
,,,0.117720000000,   7.60000,
,,,0.117760000000,   7.60000,
,,,0.117800000000,   7.60000,
,,,0.117840000000,   7.60000,
,,,0.117880000000,   7.60000,
,,,0.117920000000,   7.60000,
,,,0.117960000000,   7.60000,
,,,0.118000000000,   7.60000,
,,,0.118040000000,   7.60000,
,,,0.118080000000,   7.60000,
,,,0.118120000000,   7.60000,
,,,0.118160000000,   7.60000,
,,,0.118200000000,   7.60000,
,,,0.118240000000,   7.60000,
,,,0.118280000000,   7.80000,
,,,0.118320000000,   7.80000,
,,,0.118360000000,   7.80000,
,,,0.118400000000,   7.80000,
,,,0.118440000000,   7.80000,
,,,0.118480000000,   7.80000,
,,,0.118520000000,   7.80000,
,,,0.118560000000,   7.80000,
,,,0.118600000000,   7.80000,
,,,0.118640000000,   7.80000,
,,,0.118680000000,   7.80000,
,,,0.118720000000,   7.80000,
,,,0.118760000000,   7.80000,
,,,0.118800000000,   7.80000,
,,,0.118840000000,   7.80000,
,,,0.118880000000,   7.80000,
,,,0.118920000000,   7.80000,
,,,0.118960000000,   7.80000,
,,,0.119000000000,   7.80000,
,,,0.119040000000,   7.80000,
,,,0.119080000000,   7.80000,
,,,0.119120000000,   8.00000,
,,,0.119160000000,   8.00000,
,,,0.119200000000,   8.00000,
,,,0.119240000000,   7.80000,
,,,0.119280000000,   8.00000,
,,,0.119320000000,   8.00000,
,,,0.119360000000,   8.00000,
,,,0.119400000000,   8.00000,
,,,0.119440000000,   8.00000,
,,,0.119480000000,   8.00000,
,,,0.119520000000,   8.00000,
,,,0.119560000000,   8.00000,
,,,0.119600000000,   8.00000,
,,,0.119640000000,   8.00000,
,,,0.119680000000,   8.00000,
,,,0.119720000000,   8.00000,
,,,0.119760000000,   8.00000,
,,,0.119800000000,   8.00000,
,,,0.119840000000,   8.00000,
,,,0.119880000000,   8.00000,
,,,0.119920000000,   8.00000,
,,,0.119960000000,   8.00000,
,,,0.120000000000,   8.00000,
,,,0.120040000000,   8.00000,
,,,0.120080000000,   8.00000,
,,,0.120120000000,   8.00000,
,,,0.120160000000,   8.00000,
,,,0.120200000000,   8.00000,
,,,0.120240000000,   8.00000,
,,,0.120280000000,   8.00000,
,,,0.120320000000,   8.00000,
,,,0.120360000000,   8.00000,
,,,0.120400000000,   8.00000,
,,,0.120440000000,   8.20000,
,,,0.120480000000,   8.20000,
,,,0.120520000000,   8.20000,
,,,0.120560000000,   8.00000,
,,,0.120600000000,   8.00000,
,,,0.120640000000,   8.00000,
,,,0.120680000000,   8.00000,
,,,0.120720000000,   8.20000,
,,,0.120760000000,   8.20000,
,,,0.120800000000,   8.20000,
,,,0.120840000000,   8.20000,
,,,0.120880000000,   8.20000,
,,,0.120920000000,   8.20000,
,,,0.120960000000,   8.20000,
,,,0.121000000000,   8.20000,
,,,0.121040000000,   8.20000,
,,,0.121080000000,   8.20000,
,,,0.121120000000,   8.20000,
,,,0.121160000000,   8.20000,
,,,0.121200000000,   8.20000,
,,,0.121240000000,   8.20000,
,,,0.121280000000,   8.20000,
,,,0.121320000000,   8.20000,
,,,0.121360000000,   8.20000,
,,,0.121400000000,   8.00000,
,,,0.121440000000,   8.20000,
,,,0.121480000000,   8.20000,
,,,0.121520000000,   8.20000,
,,,0.121560000000,   8.20000,
,,,0.121600000000,   8.20000,
,,,0.121640000000,   8.20000,
,,,0.121680000000,   8.00000,
,,,0.121720000000,   8.20000,
,,,0.121760000000,   8.20000,
,,,0.121800000000,   8.20000,
,,,0.121840000000,   8.20000,
,,,0.121880000000,   8.20000,
,,,0.121920000000,   8.20000,
,,,0.121960000000,   8.20000,
,,,0.122000000000,   8.20000,
,,,0.122040000000,   8.20000,
,,,0.122080000000,   8.20000,
,,,0.122120000000,   8.20000,
,,,0.122160000000,   8.20000,
,,,0.122200000000,   8.20000,
,,,0.122240000000,   8.20000,
,,,0.122280000000,   8.20000,
,,,0.122320000000,   8.20000,
,,,0.122360000000,   8.20000,
,,,0.122400000000,   8.20000,
,,,0.122440000000,   8.20000,
,,,0.122480000000,   8.20000,
,,,0.122520000000,   8.20000,
,,,0.122560000000,   8.20000,
,,,0.122600000000,   8.20000,
,,,0.122640000000,   8.20000,
,,,0.122680000000,   8.20000,
,,,0.122720000000,   8.20000,
,,,0.122760000000,   8.20000,
,,,0.122800000000,   8.20000,
,,,0.122840000000,   8.20000,
,,,0.122880000000,   8.20000,
,,,0.122920000000,   8.20000,
,,,0.122960000000,   8.20000,
,,,0.123000000000,   8.20000,
,,,0.123040000000,   8.20000,
,,,0.123080000000,   8.20000,
,,,0.123120000000,   8.20000,
,,,0.123160000000,   8.20000,
,,,0.123200000000,   8.20000,
,,,0.123240000000,   8.20000,
,,,0.123280000000,   8.20000,
,,,0.123320000000,   8.20000,
,,,0.123360000000,   8.20000,
,,,0.123400000000,   8.20000,
,,,0.123440000000,   8.20000,
,,,0.123480000000,   8.20000,
,,,0.123520000000,   8.20000,
,,,0.123560000000,   8.20000,
,,,0.123600000000,   8.20000,
,,,0.123640000000,   8.20000,
,,,0.123680000000,   8.20000,
,,,0.123720000000,   8.20000,
,,,0.123760000000,   8.20000,
,,,0.123800000000,   8.20000,
,,,0.123840000000,   8.20000,
,,,0.123880000000,   8.20000,
,,,0.123920000000,   8.20000,
,,,0.123960000000,   8.20000,
,,,0.124000000000,   8.20000,
,,,0.124040000000,   8.20000,
,,,0.124080000000,   8.20000,
,,,0.124120000000,   8.20000,
,,,0.124160000000,   8.20000,
,,,0.124200000000,   8.20000,
,,,0.124240000000,   8.20000,
,,,0.124280000000,   8.20000,
,,,0.124320000000,   8.20000,
,,,0.124360000000,   8.20000,
,,,0.124400000000,   8.20000,
,,,0.124440000000,   8.20000,
,,,0.124480000000,   8.20000,
,,,0.124520000000,   8.20000,
,,,0.124560000000,   8.20000,
,,,0.124600000000,   8.20000,
,,,0.124640000000,   8.20000,
,,,0.124680000000,   8.20000,
,,,0.124720000000,   8.20000,
,,,0.124760000000,   8.20000,
,,,0.124800000000,   8.20000,
,,,0.124840000000,   8.20000,
,,,0.124880000000,   8.20000,
,,,0.124920000000,   8.20000,
,,,0.124960000000,   8.20000,
,,,0.125000000000,   8.20000,
,,,0.125040000000,   8.20000,
,,,0.125080000000,   8.20000,
,,,0.125120000000,   8.20000,
,,,0.125160000000,   8.20000,
,,,0.125200000000,   8.40000,
,,,0.125240000000,   8.40000,
,,,0.125280000000,   8.40000,
,,,0.125320000000,   8.40000,
,,,0.125360000000,   8.40000,
,,,0.125400000000,   8.40000,
,,,0.125440000000,   8.40000,
,,,0.125480000000,   8.40000,
,,,0.125520000000,   8.40000,
,,,0.125560000000,   8.40000,
,,,0.125600000000,   8.40000,
,,,0.125640000000,   8.40000,
,,,0.125680000000,   8.40000,
,,,0.125720000000,   8.40000,
,,,0.125760000000,   8.40000,
,,,0.125800000000,   8.40000,
,,,0.125840000000,   8.40000,
,,,0.125880000000,   8.40000,
,,,0.125920000000,   8.40000,
,,,0.125960000000,   8.40000,
,,,0.126000000000,   8.40000,
,,,0.126040000000,   8.40000,
,,,0.126080000000,   8.40000,
,,,0.126120000000,   8.40000,
,,,0.126160000000,   8.40000,
,,,0.126200000000,   8.40000,
,,,0.126240000000,   8.40000,
,,,0.126280000000,   8.40000,
,,,0.126320000000,   8.40000,
,,,0.126360000000,   8.40000,
,,,0.126400000000,   8.60000,
,,,0.126440000000,   8.60000,
,,,0.126480000000,   8.60000,
,,,0.126520000000,   8.60000,
,,,0.126560000000,   8.60000,
,,,0.126600000000,   8.60000,
,,,0.126640000000,   8.60000,
,,,0.126680000000,   8.60000,
,,,0.126720000000,   8.60000,
,,,0.126760000000,   8.60000,
,,,0.126800000000,   8.60000,
,,,0.126840000000,   8.60000,
,,,0.126880000000,   8.60000,
,,,0.126920000000,   8.60000,
,,,0.126960000000,   8.60000,
,,,0.127000000000,   8.60000,
,,,0.127040000000,   8.60000,
,,,0.127080000000,   8.60000,
,,,0.127120000000,   8.60000,
,,,0.127160000000,   8.60000,
,,,0.127200000000,   8.60000,
,,,0.127240000000,   8.60000,
,,,0.127280000000,   8.80000,
,,,0.127320000000,   8.60000,
,,,0.127360000000,   8.60000,
,,,0.127400000000,   8.60000,
,,,0.127440000000,   8.60000,
,,,0.127480000000,   8.80000,
,,,0.127520000000,   8.80000,
,,,0.127560000000,   8.80000,
,,,0.127600000000,   8.80000,
,,,0.127640000000,   8.80000,
,,,0.127680000000,   8.80000,
,,,0.127720000000,   8.80000,
,,,0.127760000000,   8.80000,
,,,0.127800000000,   8.80000,
,,,0.127840000000,   8.80000,
,,,0.127880000000,   8.80000,
,,,0.127920000000,   8.80000,
,,,0.127960000000,   8.80000,
,,,0.128000000000,   8.80000,
,,,0.128040000000,   8.80000,
,,,0.128080000000,   8.80000,
,,,0.128120000000,   8.80000,
,,,0.128160000000,   8.80000,
,,,0.128200000000,   8.80000,
,,,0.128240000000,   8.80000,
,,,0.128280000000,   8.80000,
,,,0.128320000000,   8.80000,
,,,0.128360000000,   8.80000,
,,,0.128400000000,   8.80000,
,,,0.128440000000,   8.80000,
,,,0.128480000000,   8.80000,
,,,0.128520000000,   8.80000,
,,,0.128560000000,   8.80000,
,,,0.128600000000,   9.00000,
,,,0.128640000000,   8.80000,
,,,0.128680000000,   9.00000,
,,,0.128720000000,   8.80000,
,,,0.128760000000,   9.00000,
,,,0.128800000000,   9.00000,
,,,0.128840000000,   9.00000,
,,,0.128880000000,   9.00000,
,,,0.128920000000,   9.00000,
,,,0.128960000000,   9.00000,
,,,0.129000000000,   9.00000,
,,,0.129040000000,   9.00000,
,,,0.129080000000,   9.00000,
,,,0.129120000000,   9.00000,
,,,0.129160000000,   9.00000,
,,,0.129200000000,   9.00000,
,,,0.129240000000,   9.00000,
,,,0.129280000000,   9.00000,
,,,0.129320000000,   9.00000,
,,,0.129360000000,   9.00000,
,,,0.129400000000,   9.00000,
,,,0.129440000000,   9.00000,
,,,0.129480000000,   9.00000,
,,,0.129520000000,   9.00000,
,,,0.129560000000,   9.00000,
,,,0.129600000000,   9.00000,
,,,0.129640000000,   9.00000,
,,,0.129680000000,   9.00000,
,,,0.129720000000,   9.00000,
,,,0.129760000000,   9.00000,
,,,0.129800000000,   9.00000,
,,,0.129840000000,   9.00000,
,,,0.129880000000,   9.00000,
,,,0.129920000000,   9.00000,
,,,0.129960000000,   9.00000,
,,,0.130000000000,   9.00000,
,,,0.130040000000,   9.00000,
,,,0.130080000000,   9.00000,
,,,0.130120000000,   9.00000,
,,,0.130160000000,   9.00000,
,,,0.130200000000,   9.00000,
,,,0.130240000000,   9.00000,
,,,0.130280000000,   9.00000,
,,,0.130320000000,   9.00000,
,,,0.130360000000,   9.00000,
,,,0.130400000000,   9.00000,
,,,0.130440000000,   9.00000,
,,,0.130480000000,   9.00000,
,,,0.130520000000,   9.00000,
,,,0.130560000000,   9.00000,
,,,0.130600000000,   9.00000,
,,,0.130640000000,   9.00000,
,,,0.130680000000,   9.00000,
,,,0.130720000000,   9.00000,
,,,0.130760000000,   9.00000,
,,,0.130800000000,   9.00000,
,,,0.130840000000,   9.00000,
,,,0.130880000000,   9.00000,
,,,0.130920000000,   9.00000,
,,,0.130960000000,   9.00000,
,,,0.131000000000,   9.00000,
,,,0.131040000000,   9.00000,
,,,0.131080000000,   9.00000,
,,,0.131120000000,   9.00000,
,,,0.131160000000,   9.00000,
,,,0.131200000000,   9.00000,
,,,0.131240000000,   9.00000,
,,,0.131280000000,   9.00000,
,,,0.131320000000,   9.00000,
,,,0.131360000000,   9.00000,
,,,0.131400000000,   9.00000,
,,,0.131440000000,   9.00000,
,,,0.131480000000,   9.00000,
,,,0.131520000000,   9.00000,
,,,0.131560000000,   9.00000,
,,,0.131600000000,   9.00000,
,,,0.131640000000,   9.00000,
,,,0.131680000000,   9.00000,
,,,0.131720000000,   9.00000,
,,,0.131760000000,   9.00000,
,,,0.131800000000,   9.00000,
,,,0.131840000000,   9.00000,
,,,0.131880000000,   9.00000,
,,,0.131920000000,   9.00000,
,,,0.131960000000,   9.00000,
,,,0.132000000000,   9.00000,
,,,0.132040000000,   9.00000,
,,,0.132080000000,   9.00000,
,,,0.132120000000,   9.00000,
,,,0.132160000000,   9.00000,
,,,0.132200000000,   9.00000,
,,,0.132240000000,   9.00000,
,,,0.132280000000,   9.00000,
,,,0.132320000000,   9.00000,
,,,0.132360000000,   9.00000,
,,,0.132400000000,   9.00000,
,,,0.132440000000,   9.00000,
,,,0.132480000000,   9.00000,
,,,0.132520000000,   9.00000,
,,,0.132560000000,   9.00000,
,,,0.132600000000,   9.00000,
,,,0.132640000000,   9.00000,
,,,0.132680000000,   9.00000,
,,,0.132720000000,   9.00000,
,,,0.132760000000,   9.00000,
,,,0.132800000000,   9.00000,
,,,0.132840000000,   9.00000,
,,,0.132880000000,   9.00000,
,,,0.132920000000,   9.00000,
,,,0.132960000000,   9.00000,
,,,0.133000000000,   9.00000,
,,,0.133040000000,   9.00000,
,,,0.133080000000,   9.00000,
,,,0.133120000000,   9.00000,
,,,0.133160000000,   9.00000,
,,,0.133200000000,   9.00000,
,,,0.133240000000,   9.00000,
,,,0.133280000000,   9.00000,
,,,0.133320000000,   9.00000,
,,,0.133360000000,   9.00000,
,,,0.133400000000,   9.00000,
,,,0.133440000000,   9.00000,
,,,0.133480000000,   9.00000,
,,,0.133520000000,   9.00000,
,,,0.133560000000,   9.00000,
,,,0.133600000000,   9.00000,
,,,0.133640000000,   9.00000,
,,,0.133680000000,   9.00000,
,,,0.133720000000,   9.00000,
,,,0.133760000000,   9.00000,
,,,0.133800000000,   9.00000,
,,,0.133840000000,   9.00000,
,,,0.133880000000,   9.00000,
,,,0.133920000000,   8.80000,
,,,0.133960000000,   8.80000,
,,,0.134000000000,   9.00000,
,,,0.134040000000,   8.80000,
,,,0.134080000000,   9.00000,
,,,0.134120000000,   9.00000,
,,,0.134160000000,   8.80000,
,,,0.134200000000,   9.00000,
,,,0.134240000000,   9.00000,
,,,0.134280000000,   9.00000,
,,,0.134320000000,   9.00000,
,,,0.134360000000,   9.00000,
,,,0.134400000000,   8.80000,
,,,0.134440000000,   9.00000,
,,,0.134480000000,   9.00000,
,,,0.134520000000,   9.00000,
,,,0.134560000000,   9.00000,
,,,0.134600000000,   8.80000,
,,,0.134640000000,   9.00000,
,,,0.134680000000,   9.00000,
,,,0.134720000000,   9.00000,
,,,0.134760000000,   9.00000,
,,,0.134800000000,   9.00000,
,,,0.134840000000,   9.00000,
,,,0.134880000000,   9.00000,
,,,0.134920000000,   9.00000,
,,,0.134960000000,   9.00000,
,,,0.135000000000,   9.00000,
,,,0.135040000000,   9.00000,
,,,0.135080000000,   9.00000,
,,,0.135120000000,   9.00000,
,,,0.135160000000,   9.00000,
,,,0.135200000000,   9.00000,
,,,0.135240000000,   9.00000,
,,,0.135280000000,   9.00000,
,,,0.135320000000,   9.00000,
,,,0.135360000000,   9.00000,
,,,0.135400000000,   9.00000,
,,,0.135440000000,   9.00000,
,,,0.135480000000,   9.00000,
,,,0.135520000000,   9.00000,
,,,0.135560000000,   9.00000,
,,,0.135600000000,   9.00000,
,,,0.135640000000,   9.00000,
,,,0.135680000000,   9.00000,
,,,0.135720000000,   9.00000,
,,,0.135760000000,   9.00000,
,,,0.135800000000,   9.00000,
,,,0.135840000000,   9.00000,
,,,0.135880000000,   9.00000,
,,,0.135920000000,   9.00000,
,,,0.135960000000,   9.00000,
,,,0.136000000000,   9.00000,
,,,0.136040000000,   9.00000,
,,,0.136080000000,   9.00000,
,,,0.136120000000,   9.20000,
,,,0.136160000000,   9.00000,
,,,0.136200000000,   9.00000,
,,,0.136240000000,   9.00000,
,,,0.136280000000,   9.00000,
,,,0.136320000000,   9.00000,
,,,0.136360000000,   9.00000,
,,,0.136400000000,   9.00000,
,,,0.136440000000,   9.00000,
,,,0.136480000000,   9.00000,
,,,0.136520000000,   9.20000,
,,,0.136560000000,   9.00000,
,,,0.136600000000,   9.00000,
,,,0.136640000000,   9.20000,
,,,0.136680000000,   9.20000,
,,,0.136720000000,   9.20000,
,,,0.136760000000,   9.20000,
,,,0.136800000000,   9.20000,
,,,0.136840000000,   9.20000,
,,,0.136880000000,   9.20000,
,,,0.136920000000,   9.20000,
,,,0.136960000000,   9.20000,
,,,0.137000000000,   9.20000,
,,,0.137040000000,   9.20000,
,,,0.137080000000,   9.20000,
,,,0.137120000000,   9.20000,
,,,0.137160000000,   9.20000,
,,,0.137200000000,   9.20000,
,,,0.137240000000,   9.20000,
,,,0.137280000000,   9.20000,
,,,0.137320000000,   9.20000,
,,,0.137360000000,   9.20000,
,,,0.137400000000,   9.20000,
,,,0.137440000000,   9.20000,
,,,0.137480000000,   9.20000,
,,,0.137520000000,   9.20000,
,,,0.137560000000,   9.20000,
,,,0.137600000000,   9.20000,
,,,0.137640000000,   9.40000,
,,,0.137680000000,   9.20000,
,,,0.137720000000,   9.40000,
,,,0.137760000000,   9.40000,
,,,0.137800000000,   9.20000,
,,,0.137840000000,   9.40000,
,,,0.137880000000,   9.40000,
,,,0.137920000000,   9.40000,
,,,0.137960000000,   9.40000,
,,,0.138000000000,   9.40000,
,,,0.138040000000,   9.40000,
,,,0.138080000000,   9.40000,
,,,0.138120000000,   9.40000,
,,,0.138160000000,   9.40000,
,,,0.138200000000,   9.40000,
,,,0.138240000000,   9.40000,
,,,0.138280000000,   9.40000,
,,,0.138320000000,   9.40000,
,,,0.138360000000,   9.40000,
,,,0.138400000000,   9.40000,
,,,0.138440000000,   9.40000,
,,,0.138480000000,   9.40000,
,,,0.138520000000,   9.40000,
,,,0.138560000000,   9.40000,
,,,0.138600000000,   9.40000,
,,,0.138640000000,   9.40000,
,,,0.138680000000,   9.40000,
,,,0.138720000000,   9.40000,
,,,0.138760000000,   9.40000,
,,,0.138800000000,   9.40000,
,,,0.138840000000,   9.40000,
,,,0.138880000000,   9.40000,
,,,0.138920000000,   9.40000,
,,,0.138960000000,   9.40000,
,,,0.139000000000,   9.40000,
,,,0.139040000000,   9.40000,
,,,0.139080000000,   9.40000,
,,,0.139120000000,   9.40000,
,,,0.139160000000,   9.40000,
,,,0.139200000000,   9.40000,
,,,0.139240000000,   9.40000,
,,,0.139280000000,   9.40000,
,,,0.139320000000,   9.40000,
,,,0.139360000000,   9.40000,
,,,0.139400000000,   9.40000,
,,,0.139440000000,   9.40000,
,,,0.139480000000,   9.40000,
,,,0.139520000000,   9.40000,
,,,0.139560000000,   9.40000,
,,,0.139600000000,   9.40000,
,,,0.139640000000,   9.40000,
,,,0.139680000000,   9.40000,
,,,0.139720000000,   9.40000,
,,,0.139760000000,   9.40000,
,,,0.139800000000,   9.40000,
,,,0.139840000000,   9.40000,
,,,0.139880000000,   9.40000,
,,,0.139920000000,   9.40000,
,,,0.139960000000,   9.60000,
,,,0.140000000000,   9.40000,
,,,0.140040000000,   9.40000,
,,,0.140080000000,   9.40000,
,,,0.140120000000,   9.60000,
,,,0.140160000000,   9.40000,
,,,0.140200000000,   9.60000,
,,,0.140240000000,   9.40000,
,,,0.140280000000,   9.40000,
,,,0.140320000000,   9.40000,
,,,0.140360000000,   9.60000,
,,,0.140400000000,   9.40000,
,,,0.140440000000,   9.40000,
,,,0.140480000000,   9.60000,
,,,0.140520000000,   9.40000,
,,,0.140560000000,   9.40000,
,,,0.140600000000,   9.40000,
,,,0.140640000000,   9.40000,
,,,0.140680000000,   9.40000,
,,,0.140720000000,   9.40000,
,,,0.140760000000,   9.40000,
,,,0.140800000000,   9.40000,
,,,0.140840000000,   9.40000,
,,,0.140880000000,   9.40000,
,,,0.140920000000,   9.40000,
,,,0.140960000000,   9.40000,
,,,0.141000000000,   9.40000,
,,,0.141040000000,   9.40000,
,,,0.141080000000,   9.40000,
,,,0.141120000000,   9.40000,
,,,0.141160000000,   9.40000,
,,,0.141200000000,   9.40000,
,,,0.141240000000,   9.40000,
,,,0.141280000000,   9.40000,
,,,0.141320000000,   9.40000,
,,,0.141360000000,   9.40000,
,,,0.141400000000,   9.40000,
,,,0.141440000000,   9.40000,
,,,0.141480000000,   9.40000,
,,,0.141520000000,   9.40000,
,,,0.141560000000,   9.40000,
,,,0.141600000000,   9.40000,
,,,0.141640000000,   9.40000,
,,,0.141680000000,   9.40000,
,,,0.141720000000,   9.40000,
,,,0.141760000000,   9.40000,
,,,0.141800000000,   9.40000,
,,,0.141840000000,   9.40000,
,,,0.141880000000,   9.40000,
,,,0.141920000000,   9.40000,
,,,0.141960000000,   9.40000,
,,,0.142000000000,   9.40000,
,,,0.142040000000,   9.40000,
,,,0.142080000000,   9.40000,
,,,0.142120000000,   9.40000,
,,,0.142160000000,   9.40000,
,,,0.142200000000,   9.40000,
,,,0.142240000000,   9.40000,
,,,0.142280000000,   9.40000,
,,,0.142320000000,   9.40000,
,,,0.142360000000,   9.40000,
,,,0.142400000000,   9.40000,
,,,0.142440000000,   9.40000,
,,,0.142480000000,   9.40000,
,,,0.142520000000,   9.40000,
,,,0.142560000000,   9.40000,
,,,0.142600000000,   9.40000,
,,,0.142640000000,   9.40000,
,,,0.142680000000,   9.40000,
,,,0.142720000000,   9.40000,
,,,0.142760000000,   9.40000,
,,,0.142800000000,   9.40000,
,,,0.142840000000,   9.40000,
,,,0.142880000000,   9.40000,
,,,0.142920000000,   9.40000,
,,,0.142960000000,   9.40000,
,,,0.143000000000,   9.40000,
,,,0.143040000000,   9.40000,
,,,0.143080000000,   9.40000,
,,,0.143120000000,   9.40000,
,,,0.143160000000,   9.40000,
,,,0.143200000000,   9.20000,
,,,0.143240000000,   9.40000,
,,,0.143280000000,   9.40000,
,,,0.143320000000,   9.20000,
,,,0.143360000000,   9.20000,
,,,0.143400000000,   9.20000,
,,,0.143440000000,   9.20000,
,,,0.143480000000,   9.20000,
,,,0.143520000000,   9.20000,
,,,0.143560000000,   9.20000,
,,,0.143600000000,   9.20000,
,,,0.143640000000,   9.20000,
,,,0.143680000000,   9.20000,
,,,0.143720000000,   9.20000,
,,,0.143760000000,   9.20000,
,,,0.143800000000,   9.20000,
,,,0.143840000000,   9.20000,
,,,0.143880000000,   9.20000,
,,,0.143920000000,   9.20000,
,,,0.143960000000,   9.20000,
,,,0.144000000000,   9.20000,
,,,0.144040000000,   9.20000,
,,,0.144080000000,   9.20000,
,,,0.144120000000,   9.20000,
,,,0.144160000000,   9.20000,
,,,0.144200000000,   9.20000,
,,,0.144240000000,   9.20000,
,,,0.144280000000,   9.20000,
,,,0.144320000000,   9.20000,
,,,0.144360000000,   9.20000,
,,,0.144400000000,   9.20000,
,,,0.144440000000,   9.20000,
,,,0.144480000000,   9.20000,
,,,0.144520000000,   9.20000,
,,,0.144560000000,   9.20000,
,,,0.144600000000,   9.20000,
,,,0.144640000000,   9.20000,
,,,0.144680000000,   9.20000,
,,,0.144720000000,   9.20000,
,,,0.144760000000,   9.20000,
,,,0.144800000000,   9.20000,
,,,0.144840000000,   9.20000,
,,,0.144880000000,   9.20000,
,,,0.144920000000,   9.20000,
,,,0.144960000000,   9.20000,
,,,0.145000000000,   9.20000,
,,,0.145040000000,   9.20000,
,,,0.145080000000,   9.20000,
,,,0.145120000000,   9.20000,
,,,0.145160000000,   9.20000,
,,,0.145200000000,   9.20000,
,,,0.145240000000,   9.20000,
,,,0.145280000000,   9.20000,
,,,0.145320000000,   9.20000,
,,,0.145360000000,   9.20000,
,,,0.145400000000,   9.20000,
,,,0.145440000000,   9.20000,
,,,0.145480000000,   9.20000,
,,,0.145520000000,   9.20000,
,,,0.145560000000,   9.20000,
,,,0.145600000000,   9.20000,
,,,0.145640000000,   9.20000,
,,,0.145680000000,   9.20000,
,,,0.145720000000,   9.40000,
,,,0.145760000000,   9.20000,
,,,0.145800000000,   9.20000,
,,,0.145840000000,   9.40000,
,,,0.145880000000,   9.40000,
,,,0.145920000000,   9.40000,
,,,0.145960000000,   9.40000,
,,,0.146000000000,   9.40000,
,,,0.146040000000,   9.40000,
,,,0.146080000000,   9.40000,
,,,0.146120000000,   9.40000,
,,,0.146160000000,   9.40000,
,,,0.146200000000,   9.40000,
,,,0.146240000000,   9.40000,
,,,0.146280000000,   9.40000,
,,,0.146320000000,   9.40000,
,,,0.146360000000,   9.40000,
,,,0.146400000000,   9.40000,
,,,0.146440000000,   9.40000,
,,,0.146480000000,   9.40000,
,,,0.146520000000,   9.40000,
,,,0.146560000000,   9.40000,
,,,0.146600000000,   9.40000,
,,,0.146640000000,   9.40000,
,,,0.146680000000,   9.40000,
,,,0.146720000000,   9.40000,
,,,0.146760000000,   9.40000,
,,,0.146800000000,   9.40000,
,,,0.146840000000,   9.40000,
,,,0.146880000000,   9.40000,
,,,0.146920000000,   9.40000,
,,,0.146960000000,   9.40000,
,,,0.147000000000,   9.40000,
,,,0.147040000000,   9.40000,
,,,0.147080000000,   9.40000,
,,,0.147120000000,   9.40000,
,,,0.147160000000,   9.40000,
,,,0.147200000000,   9.40000,
,,,0.147240000000,   9.40000,
,,,0.147280000000,   9.40000,
,,,0.147320000000,   9.40000,
,,,0.147360000000,   9.60000,
,,,0.147400000000,   9.40000,
,,,0.147440000000,   9.40000,
,,,0.147480000000,   9.40000,
,,,0.147520000000,   9.60000,
,,,0.147560000000,   9.60000,
,,,0.147600000000,   9.60000,
,,,0.147640000000,   9.60000,
,,,0.147680000000,   9.60000,
,,,0.147720000000,   9.60000,
,,,0.147760000000,   9.60000,
,,,0.147800000000,   9.60000,
,,,0.147840000000,   9.60000,
,,,0.147880000000,   9.60000,
,,,0.147920000000,   9.60000,
,,,0.147960000000,   9.60000,
,,,0.148000000000,   9.60000,
,,,0.148040000000,   9.60000,
,,,0.148080000000,   9.60000,
,,,0.148120000000,   9.60000,
,,,0.148160000000,   9.60000,
,,,0.148200000000,   9.60000,
,,,0.148240000000,   9.60000,
,,,0.148280000000,   9.60000,
,,,0.148320000000,   9.60000,
,,,0.148360000000,   9.60000,
,,,0.148400000000,   9.60000,
,,,0.148440000000,   9.60000,
,,,0.148480000000,   9.60000,
,,,0.148520000000,   9.60000,
,,,0.148560000000,   9.60000,
,,,0.148600000000,   9.60000,
,,,0.148640000000,   9.60000,
,,,0.148680000000,   9.60000,
,,,0.148720000000,   9.60000,
,,,0.148760000000,   9.60000,
,,,0.148800000000,   9.60000,
,,,0.148840000000,   9.60000,
,,,0.148880000000,   9.60000,
,,,0.148920000000,   9.60000,
,,,0.148960000000,   9.60000,
,,,0.149000000000,   9.60000,
,,,0.149040000000,   9.60000,
,,,0.149080000000,   9.60000,
,,,0.149120000000,   9.60000,
,,,0.149160000000,   9.60000,
,,,0.149200000000,   9.60000,
,,,0.149240000000,   9.60000,
,,,0.149280000000,   9.60000,
,,,0.149320000000,   9.60000,
,,,0.149360000000,   9.60000,
,,,0.149400000000,   9.60000,
,,,0.149440000000,   9.60000,
,,,0.149480000000,   9.60000,
,,,0.149520000000,   9.60000,
,,,0.149560000000,   9.60000,
,,,0.149600000000,   9.60000,
,,,0.149640000000,   9.60000,
,,,0.149680000000,   9.60000,
,,,0.149720000000,   9.60000,
,,,0.149760000000,   9.60000,
,,,0.149800000000,   9.80000,
,,,0.149840000000,   9.60000,
,,,0.149880000000,   9.80000,
,,,0.149920000000,   9.60000,
,,,0.149960000000,   9.60000,
,,,0.150000000000,   9.60000,
,,,0.150040000000,   9.60000,
,,,0.150080000000,   9.60000,
,,,0.150120000000,   9.60000,
,,,0.150160000000,   9.80000,
,,,0.150200000000,   9.60000,
,,,0.150240000000,   9.60000,
,,,0.150280000000,   9.60000,
,,,0.150320000000,   9.60000,
,,,0.150360000000,   9.60000,
,,,0.150400000000,   9.80000,
,,,0.150440000000,   9.60000,
,,,0.150480000000,   9.60000,
,,,0.150520000000,   9.60000,
,,,0.150560000000,   9.60000,
,,,0.150600000000,   9.60000,
,,,0.150640000000,   9.60000,
,,,0.150680000000,   9.60000,
,,,0.150720000000,   9.60000,
,,,0.150760000000,   9.60000,
,,,0.150800000000,   9.60000,
,,,0.150840000000,   9.60000,
,,,0.150880000000,   9.60000,
,,,0.150920000000,   9.60000,
,,,0.150960000000,   9.60000,
,,,0.151000000000,   9.60000,
,,,0.151040000000,   9.60000,
,,,0.151080000000,   9.60000,
,,,0.151120000000,   9.60000,
,,,0.151160000000,   9.60000,
,,,0.151200000000,   9.60000,
,,,0.151240000000,   9.60000,
,,,0.151280000000,   9.60000,
,,,0.151320000000,   9.60000,
,,,0.151360000000,   9.60000,
,,,0.151400000000,   9.60000,
,,,0.151440000000,   9.60000,
,,,0.151480000000,   9.60000,
,,,0.151520000000,   9.60000,
,,,0.151560000000,   9.60000,
,,,0.151600000000,   9.60000,
,,,0.151640000000,   9.60000,
,,,0.151680000000,   9.60000,
,,,0.151720000000,   9.60000,
,,,0.151760000000,   9.60000,
,,,0.151800000000,   9.60000,
,,,0.151840000000,   9.60000,
,,,0.151880000000,   9.60000,
,,,0.151920000000,   9.60000,
,,,0.151960000000,   9.60000,
,,,0.152000000000,   9.60000,
,,,0.152040000000,   9.60000,
,,,0.152080000000,   9.60000,
,,,0.152120000000,   9.60000,
,,,0.152160000000,   9.60000,
,,,0.152200000000,   9.60000,
,,,0.152240000000,   9.60000,
,,,0.152280000000,   9.60000,
,,,0.152320000000,   9.60000,
,,,0.152360000000,   9.60000,
,,,0.152400000000,   9.60000,
,,,0.152440000000,   9.60000,
,,,0.152480000000,   9.60000,
,,,0.152520000000,   9.40000,
,,,0.152560000000,   9.60000,
,,,0.152600000000,   9.60000,
,,,0.152640000000,   9.40000,
,,,0.152680000000,   9.60000,
,,,0.152720000000,   9.40000,
,,,0.152760000000,   9.40000,
,,,0.152800000000,   9.40000,
,,,0.152840000000,   9.40000,
,,,0.152880000000,   9.40000,
,,,0.152920000000,   9.60000,
,,,0.152960000000,   9.40000,
,,,0.153000000000,   9.40000,
,,,0.153040000000,   9.40000,
,,,0.153080000000,   9.40000,
,,,0.153120000000,   9.40000,
,,,0.153160000000,   9.40000,
,,,0.153200000000,   9.40000,
,,,0.153240000000,   9.40000,
,,,0.153280000000,   9.40000,
,,,0.153320000000,   9.40000,
,,,0.153360000000,   9.40000,
,,,0.153400000000,   9.40000,
,,,0.153440000000,   9.40000,
,,,0.153480000000,   9.40000,
,,,0.153520000000,   9.40000,
,,,0.153560000000,   9.40000,
,,,0.153600000000,   9.40000,
,,,0.153640000000,   9.40000,
,,,0.153680000000,   9.40000,
,,,0.153720000000,   9.40000,
,,,0.153760000000,   9.40000,
,,,0.153800000000,   9.40000,
,,,0.153840000000,   9.40000,
,,,0.153880000000,   9.40000,
,,,0.153920000000,   9.40000,
,,,0.153960000000,   9.40000,
,,,0.154000000000,   9.40000,
,,,0.154040000000,   9.40000,
,,,0.154080000000,   9.40000,
,,,0.154120000000,   9.40000,
,,,0.154160000000,   9.40000,
,,,0.154200000000,   9.40000,
,,,0.154240000000,   9.40000,
,,,0.154280000000,   9.40000,
,,,0.154320000000,   9.40000,
,,,0.154360000000,   9.40000,
,,,0.154400000000,   9.40000,
,,,0.154440000000,   9.40000,
,,,0.154480000000,   9.40000,
,,,0.154520000000,   9.40000,
,,,0.154560000000,   9.40000,
,,,0.154600000000,   9.40000,
,,,0.154640000000,   9.40000,
,,,0.154680000000,   9.40000,
,,,0.154720000000,   9.40000,
,,,0.154760000000,   9.40000,
,,,0.154800000000,   9.40000,
,,,0.154840000000,   9.40000,
,,,0.154880000000,   9.40000,
,,,0.154920000000,   9.40000,
,,,0.154960000000,   9.40000,
,,,0.155000000000,   9.40000,
,,,0.155040000000,   9.40000,
,,,0.155080000000,   9.40000,
,,,0.155120000000,   9.40000,
,,,0.155160000000,   9.40000,
,,,0.155200000000,   9.40000,
,,,0.155240000000,   9.40000,
,,,0.155280000000,   9.40000,
,,,0.155320000000,   9.40000,
,,,0.155360000000,   9.40000,
,,,0.155400000000,   9.40000,
,,,0.155440000000,   9.40000,
,,,0.155480000000,   9.40000,
,,,0.155520000000,   9.40000,
,,,0.155560000000,   9.40000,
,,,0.155600000000,   9.40000,
,,,0.155640000000,   9.40000,
,,,0.155680000000,   9.40000,
,,,0.155720000000,   9.40000,
,,,0.155760000000,   9.40000,
,,,0.155800000000,   9.40000,
,,,0.155840000000,   9.40000,
,,,0.155880000000,   9.40000,
,,,0.155920000000,   9.40000,
,,,0.155960000000,   9.40000,
,,,0.156000000000,   9.40000,
,,,0.156040000000,   9.40000,
,,,0.156080000000,   9.40000,
,,,0.156120000000,   9.40000,
,,,0.156160000000,   9.40000,
,,,0.156200000000,   9.40000,
,,,0.156240000000,   9.40000,
,,,0.156280000000,   9.40000,
,,,0.156320000000,   9.40000,
,,,0.156360000000,   9.40000,
,,,0.156400000000,   9.60000,
,,,0.156440000000,   9.60000,
,,,0.156480000000,   9.60000,
,,,0.156520000000,   9.60000,
,,,0.156560000000,   9.40000,
,,,0.156600000000,   9.40000,
,,,0.156640000000,   9.60000,
,,,0.156680000000,   9.60000,
,,,0.156720000000,   9.60000,
,,,0.156760000000,   9.60000,
,,,0.156800000000,   9.60000,
,,,0.156840000000,   9.60000,
,,,0.156880000000,   9.60000,
,,,0.156920000000,   9.60000,
,,,0.156960000000,   9.60000,
,,,0.157000000000,   9.60000,
,,,0.157040000000,   9.60000,
,,,0.157080000000,   9.60000,
,,,0.157120000000,   9.60000,
,,,0.157160000000,   9.60000,
,,,0.157200000000,   9.60000,
,,,0.157240000000,   9.60000,
,,,0.157280000000,   9.60000,
,,,0.157320000000,   9.60000,
,,,0.157360000000,   9.60000,
,,,0.157400000000,   9.60000,
,,,0.157440000000,   9.60000,
,,,0.157480000000,   9.60000,
,,,0.157520000000,   9.60000,
,,,0.157560000000,   9.60000,
,,,0.157600000000,   9.60000,
,,,0.157640000000,   9.60000,
,,,0.157680000000,   9.60000,
,,,0.157720000000,   9.60000,
,,,0.157760000000,   9.60000,
,,,0.157800000000,   9.60000,
,,,0.157840000000,   9.60000,
,,,0.157880000000,   9.60000,
,,,0.157920000000,   9.60000,
,,,0.157960000000,   9.60000,
,,,0.158000000000,   9.60000,
,,,0.158040000000,   9.60000,
,,,0.158080000000,   9.60000,
,,,0.158120000000,   9.80000,
,,,0.158160000000,   9.80000,
,,,0.158200000000,   9.60000,
,,,0.158240000000,   9.60000,
,,,0.158280000000,   9.80000,
,,,0.158320000000,   9.80000,
,,,0.158360000000,   9.80000,
,,,0.158400000000,   9.80000,
,,,0.158440000000,   9.80000,
,,,0.158480000000,   9.80000,
,,,0.158520000000,   9.80000,
,,,0.158560000000,   9.80000,
,,,0.158600000000,   9.80000,
,,,0.158640000000,   9.80000,
,,,0.158680000000,   9.80000,
,,,0.158720000000,   9.80000,
,,,0.158760000000,   9.80000,
,,,0.158800000000,   9.80000,
,,,0.158840000000,   9.80000,
,,,0.158880000000,   9.80000,
,,,0.158920000000,   9.80000,
,,,0.158960000000,   9.80000,
,,,0.159000000000,   9.80000,
,,,0.159040000000,   9.80000,
,,,0.159080000000,   9.80000,
,,,0.159120000000,   9.80000,
,,,0.159160000000,   9.80000,
,,,0.159200000000,   9.80000,
,,,0.159240000000,   9.80000,
,,,0.159280000000,   9.80000,
,,,0.159320000000,   9.80000,
,,,0.159360000000,   9.80000,
,,,0.159400000000,   9.80000,
,,,0.159440000000,   9.80000,
,,,0.159480000000,   9.80000,
,,,0.159520000000,   9.80000,
,,,0.159560000000,   9.80000,
,,,0.159600000000,   9.80000,
,,,0.159640000000,   9.80000,
,,,0.159680000000,   9.80000,
,,,0.159720000000,   9.80000,
,,,0.159760000000,   9.80000,
,,,0.159800000000,   9.80000,
,,,0.159840000000,   9.80000,
,,,0.159880000000,   9.80000,
,,,0.159920000000,   9.80000,
,,,0.159960000000,   9.80000,
,,,0.160000000000,   9.80000,
,,,0.160040000000,   9.80000,
,,,0.160080000000,   9.80000,
,,,0.160120000000,   9.80000,
,,,0.160160000000,   9.80000,
,,,0.160200000000,   9.80000,
,,,0.160240000000,   9.80000,
,,,0.160280000000,   9.80000,
,,,0.160320000000,   9.80000,
,,,0.160360000000,   9.80000,
,,,0.160400000000,   9.80000,
,,,0.160440000000,   9.80000,
,,,0.160480000000,   9.80000,
,,,0.160520000000,   9.80000,
,,,0.160560000000,   9.80000,
,,,0.160600000000,   9.80000,
,,,0.160640000000,   9.80000,
,,,0.160680000000,   9.80000,
,,,0.160720000000,   9.80000,
,,,0.160760000000,   9.80000,
,,,0.160800000000,   9.80000,
,,,0.160840000000,   9.80000,
,,,0.160880000000,   9.80000,
,,,0.160920000000,   9.80000,
,,,0.160960000000,   9.80000,
,,,0.161000000000,   9.60000,
,,,0.161040000000,   9.80000,
,,,0.161080000000,   9.80000,
,,,0.161120000000,   9.60000,
,,,0.161160000000,   9.80000,
,,,0.161200000000,   9.80000,
,,,0.161240000000,   9.80000,
,,,0.161280000000,   9.80000,
,,,0.161320000000,   9.80000,
,,,0.161360000000,   9.60000,
,,,0.161400000000,   9.60000,
,,,0.161440000000,   9.60000,
,,,0.161480000000,   9.60000,
,,,0.161520000000,   9.60000,
,,,0.161560000000,   9.60000,
,,,0.161600000000,   9.60000,
,,,0.161640000000,   9.60000,
,,,0.161680000000,   9.60000,
,,,0.161720000000,   9.60000,
,,,0.161760000000,   9.60000,
,,,0.161800000000,   9.60000,
,,,0.161840000000,   9.60000,
,,,0.161880000000,   9.60000,
,,,0.161920000000,   9.60000,
,,,0.161960000000,   9.60000,
,,,0.162000000000,   9.60000,
,,,0.162040000000,   9.60000,
,,,0.162080000000,   9.60000,
,,,0.162120000000,   9.60000,
,,,0.162160000000,   9.60000,
,,,0.162200000000,   9.60000,
,,,0.162240000000,   9.60000,
,,,0.162280000000,   9.60000,
,,,0.162320000000,   9.60000,
,,,0.162360000000,   9.60000,
,,,0.162400000000,   9.60000,
,,,0.162440000000,   9.60000,
,,,0.162480000000,   9.60000,
,,,0.162520000000,   9.60000,
,,,0.162560000000,   9.60000,
,,,0.162600000000,   9.60000,
,,,0.162640000000,   9.60000,
,,,0.162680000000,   9.60000,
,,,0.162720000000,   9.60000,
,,,0.162760000000,   9.60000,
,,,0.162800000000,   9.60000,
,,,0.162840000000,   9.60000,
,,,0.162880000000,   9.60000,
,,,0.162920000000,   9.60000,
,,,0.162960000000,   9.60000,
,,,0.163000000000,   9.60000,
,,,0.163040000000,   9.60000,
,,,0.163080000000,   9.60000,
,,,0.163120000000,   9.60000,
,,,0.163160000000,   9.60000,
,,,0.163200000000,   9.60000,
,,,0.163240000000,   9.60000,
,,,0.163280000000,   9.60000,
,,,0.163320000000,   9.40000,
,,,0.163360000000,   9.60000,
,,,0.163400000000,   9.60000,
,,,0.163440000000,   9.40000,
,,,0.163480000000,   9.60000,
,,,0.163520000000,   9.40000,
,,,0.163560000000,   9.60000,
,,,0.163600000000,   9.40000,
,,,0.163640000000,   9.40000,
,,,0.163680000000,   9.40000,
,,,0.163720000000,   9.40000,
,,,0.163760000000,   9.40000,
,,,0.163800000000,   9.40000,
,,,0.163840000000,   9.40000,
,,,0.163880000000,   9.40000,
,,,0.163920000000,   9.40000,
,,,0.163960000000,   9.40000,
,,,0.164000000000,   9.40000,
,,,0.164040000000,   9.40000,
,,,0.164080000000,   9.40000,
,,,0.164120000000,   9.40000,
,,,0.164160000000,   9.40000,
,,,0.164200000000,   9.40000,
,,,0.164240000000,   9.40000,
,,,0.164280000000,   9.40000,
,,,0.164320000000,   9.40000,
,,,0.164360000000,   9.40000,
,,,0.164400000000,   9.40000,
,,,0.164440000000,   9.40000,
,,,0.164480000000,   9.40000,
,,,0.164520000000,   9.40000,
,,,0.164560000000,   9.40000,
,,,0.164600000000,   9.40000,
,,,0.164640000000,   9.40000,
,,,0.164680000000,   9.40000,
,,,0.164720000000,   9.40000,
,,,0.164760000000,   9.40000,
,,,0.164800000000,   9.40000,
,,,0.164840000000,   9.40000,
,,,0.164880000000,   9.40000,
,,,0.164920000000,   9.40000,
,,,0.164960000000,   9.40000,
,,,0.165000000000,   9.40000,
,,,0.165040000000,   9.40000,
,,,0.165080000000,   9.40000,
,,,0.165120000000,   9.40000,
,,,0.165160000000,   9.40000,
,,,0.165200000000,   9.40000,
,,,0.165240000000,   9.40000,
,,,0.165280000000,   9.40000,
,,,0.165320000000,   9.40000,
,,,0.165360000000,   9.40000,
,,,0.165400000000,   9.40000,
,,,0.165440000000,   9.40000,
,,,0.165480000000,   9.40000,
,,,0.165520000000,   9.40000,
,,,0.165560000000,   9.40000,
,,,0.165600000000,   9.40000,
,,,0.165640000000,   9.40000,
,,,0.165680000000,   9.40000,
,,,0.165720000000,   9.40000,
,,,0.165760000000,   9.40000,
,,,0.165800000000,   9.60000,
,,,0.165840000000,   9.60000,
,,,0.165880000000,   9.60000,
,,,0.165920000000,   9.60000,
,,,0.165960000000,   9.40000,
,,,0.166000000000,   9.60000,
,,,0.166040000000,   9.40000,
,,,0.166080000000,   9.40000,
,,,0.166120000000,   9.60000,
,,,0.166160000000,   9.60000,
,,,0.166200000000,   9.60000,
,,,0.166240000000,   9.60000,
,,,0.166280000000,   9.60000,
,,,0.166320000000,   9.60000,
,,,0.166360000000,   9.60000,
,,,0.166400000000,   9.60000,
,,,0.166440000000,   9.60000,
,,,0.166480000000,   9.60000,
,,,0.166520000000,   9.60000,
,,,0.166560000000,   9.60000,
,,,0.166600000000,   9.60000,
,,,0.166640000000,   9.60000,
,,,0.166680000000,   9.60000,
,,,0.166720000000,   9.60000,
,,,0.166760000000,   9.60000,
,,,0.166800000000,   9.60000,
,,,0.166840000000,   9.60000,
,,,0.166880000000,   9.60000,
,,,0.166920000000,   9.60000,
,,,0.166960000000,   9.60000,
,,,0.167000000000,   9.60000,
,,,0.167040000000,   9.60000,
,,,0.167080000000,   9.60000,
,,,0.167120000000,   9.60000,
,,,0.167160000000,   9.60000,
,,,0.167200000000,   9.60000,
,,,0.167240000000,   9.60000,
,,,0.167280000000,   9.60000,
,,,0.167320000000,   9.60000,
,,,0.167360000000,   9.60000,
,,,0.167400000000,   9.60000,
,,,0.167440000000,   9.60000,
,,,0.167480000000,   9.60000,
,,,0.167520000000,   9.60000,
,,,0.167560000000,   9.60000,
,,,0.167600000000,   9.60000,
,,,0.167640000000,   9.60000,
,,,0.167680000000,   9.80000,
,,,0.167720000000,   9.60000,
,,,0.167760000000,   9.80000,
,,,0.167800000000,   9.80000,
,,,0.167840000000,   9.80000,
,,,0.167880000000,   9.80000,
,,,0.167920000000,   9.80000,
,,,0.167960000000,   9.60000,
,,,0.168000000000,   9.80000,
,,,0.168040000000,   9.80000,
,,,0.168080000000,   9.80000,
,,,0.168120000000,   9.80000,
,,,0.168160000000,   9.80000,
,,,0.168200000000,   9.80000,
,,,0.168240000000,   9.80000,
,,,0.168280000000,   9.80000,
,,,0.168320000000,   9.80000,
,,,0.168360000000,   9.80000,
,,,0.168400000000,   9.80000,
,,,0.168440000000,   9.80000,
,,,0.168480000000,   9.80000,
,,,0.168520000000,   9.80000,
,,,0.168560000000,   9.80000,
,,,0.168600000000,   9.80000,
,,,0.168640000000,   9.80000,
,,,0.168680000000,   9.80000,
,,,0.168720000000,   9.80000,
,,,0.168760000000,   9.80000,
,,,0.168800000000,   9.80000,
,,,0.168840000000,   9.80000,
,,,0.168880000000,   9.80000,
,,,0.168920000000,   9.80000,
,,,0.168960000000,   9.80000,
,,,0.169000000000,   9.80000,
,,,0.169040000000,   9.80000,
,,,0.169080000000,   9.80000,
,,,0.169120000000,   9.80000,
,,,0.169160000000,   9.80000,
,,,0.169200000000,   9.80000,
,,,0.169240000000,   9.80000,
,,,0.169280000000,   9.80000,
,,,0.169320000000,   9.80000,
,,,0.169360000000,   9.80000,
,,,0.169400000000,   9.80000,
,,,0.169440000000,   9.80000,
,,,0.169480000000,   9.80000,
,,,0.169520000000,   9.80000,
,,,0.169560000000,   9.80000,
,,,0.169600000000,   9.80000,
,,,0.169640000000,   9.80000,
,,,0.169680000000,   9.80000,
,,,0.169720000000,   9.80000,
,,,0.169760000000,   9.80000,
,,,0.169800000000,   9.80000,
,,,0.169840000000,   9.80000,
,,,0.169880000000,   9.80000,
,,,0.169920000000,   9.80000,
,,,0.169960000000,   9.80000,
,,,0.170000000000,   9.80000,
,,,0.170040000000,   9.80000,
,,,0.170080000000,   9.80000,
,,,0.170120000000,   9.80000,
,,,0.170160000000,   9.80000,
,,,0.170200000000,   9.80000,
,,,0.170240000000,   9.80000,
,,,0.170280000000,   9.80000,
,,,0.170320000000,   9.80000,
,,,0.170360000000,   9.80000,
,,,0.170400000000,   9.80000,
,,,0.170440000000,   9.80000,
,,,0.170480000000,   9.80000,
,,,0.170520000000,   9.80000,
,,,0.170560000000,   9.80000,
,,,0.170600000000,   9.80000,
,,,0.170640000000,   9.80000,
,,,0.170680000000,   9.80000,
,,,0.170720000000,   9.80000,
,,,0.170760000000,   9.80000,
,,,0.170800000000,   9.80000,
,,,0.170840000000,   9.80000,
,,,0.170880000000,   9.80000,
,,,0.170920000000,   9.80000,
,,,0.170960000000,   9.80000,
,,,0.171000000000,   9.80000,
,,,0.171040000000,   9.80000,
,,,0.171080000000,   9.80000,
,,,0.171120000000,   9.80000,
,,,0.171160000000,   9.80000,
,,,0.171200000000,   9.80000,
,,,0.171240000000,   9.80000,
,,,0.171280000000,   9.80000,
,,,0.171320000000,   9.80000,
,,,0.171360000000,   9.80000,
,,,0.171400000000,   9.80000,
,,,0.171440000000,   9.80000,
,,,0.171480000000,   9.80000,
,,,0.171520000000,   9.80000,
,,,0.171560000000,   9.80000,
,,,0.171600000000,   9.60000,
,,,0.171640000000,   9.80000,
,,,0.171680000000,   9.60000,
,,,0.171720000000,   9.60000,
,,,0.171760000000,   9.80000,
,,,0.171800000000,   9.60000,
,,,0.171840000000,   9.80000,
,,,0.171880000000,   9.60000,
,,,0.171920000000,   9.60000,
,,,0.171960000000,   9.60000,
,,,0.172000000000,   9.60000,
,,,0.172040000000,   9.60000,
,,,0.172080000000,   9.60000,
,,,0.172120000000,   9.60000,
,,,0.172160000000,   9.60000,
,,,0.172200000000,   9.60000,
,,,0.172240000000,   9.60000,
,,,0.172280000000,   9.60000,
,,,0.172320000000,   9.60000,
,,,0.172360000000,   9.60000,
,,,0.172400000000,   9.60000,
,,,0.172440000000,   9.60000,
,,,0.172480000000,   9.60000,
,,,0.172520000000,   9.60000,
,,,0.172560000000,   9.60000,
,,,0.172600000000,   9.60000,
,,,0.172640000000,   9.60000,
,,,0.172680000000,   9.60000,
,,,0.172720000000,   9.60000,
,,,0.172760000000,   9.60000,
,,,0.172800000000,   9.60000,
,,,0.172840000000,   9.60000,
,,,0.172880000000,   9.60000,
,,,0.172920000000,   9.60000,
,,,0.172960000000,   9.60000,
,,,0.173000000000,   9.60000,
,,,0.173040000000,   9.60000,
,,,0.173080000000,   9.60000,
,,,0.173120000000,   9.60000,
,,,0.173160000000,   9.60000,
,,,0.173200000000,   9.60000,
,,,0.173240000000,   9.60000,
,,,0.173280000000,   9.60000,
,,,0.173320000000,   9.60000,
,,,0.173360000000,   9.60000,
,,,0.173400000000,   9.60000,
,,,0.173440000000,   9.60000,
,,,0.173480000000,   9.60000,
,,,0.173520000000,   9.60000,
,,,0.173560000000,   9.60000,
,,,0.173600000000,   9.60000,
,,,0.173640000000,   9.60000,
,,,0.173680000000,   9.60000,
,,,0.173720000000,   9.60000,
,,,0.173760000000,   9.60000,
,,,0.173800000000,   9.60000,
,,,0.173840000000,   9.60000,
,,,0.173880000000,   9.60000,
,,,0.173920000000,   9.60000,
,,,0.173960000000,   9.60000,
,,,0.174000000000,   9.40000,
,,,0.174040000000,   9.60000,
,,,0.174080000000,   9.40000,
,,,0.174120000000,   9.40000,
,,,0.174160000000,   9.40000,
,,,0.174200000000,   9.40000,
,,,0.174240000000,   9.60000,
,,,0.174280000000,   9.40000,
,,,0.174320000000,   9.40000,
,,,0.174360000000,   9.40000,
,,,0.174400000000,   9.40000,
,,,0.174440000000,   9.40000,
,,,0.174480000000,   9.40000,
,,,0.174520000000,   9.60000,
,,,0.174560000000,   9.40000,
,,,0.174600000000,   9.60000,
,,,0.174640000000,   9.40000,
,,,0.174680000000,   9.40000,
,,,0.174720000000,   9.40000,
,,,0.174760000000,   9.40000,
,,,0.174800000000,   9.40000,
,,,0.174840000000,   9.40000,
,,,0.174880000000,   9.40000,
,,,0.174920000000,   9.40000,
,,,0.174960000000,   9.40000,
,,,0.175000000000,   9.40000,
,,,0.175040000000,   9.40000,
,,,0.175080000000,   9.60000,
,,,0.175120000000,   9.40000,
,,,0.175160000000,   9.60000,
,,,0.175200000000,   9.40000,
,,,0.175240000000,   9.40000,
,,,0.175280000000,   9.40000,
,,,0.175320000000,   9.40000,
,,,0.175360000000,   9.60000,
,,,0.175400000000,   9.40000,
,,,0.175440000000,   9.40000,
,,,0.175480000000,   9.40000,
,,,0.175520000000,   9.40000,
,,,0.175560000000,   9.60000,
,,,0.175600000000,   9.60000,
,,,0.175640000000,   9.60000,
,,,0.175680000000,   9.40000,
,,,0.175720000000,   9.40000,
,,,0.175760000000,   9.40000,
,,,0.175800000000,   9.60000,
,,,0.175840000000,   9.60000,
,,,0.175880000000,   9.60000,
,,,0.175920000000,   9.60000,
,,,0.175960000000,   9.60000,
,,,0.176000000000,   9.60000,
,,,0.176040000000,   9.60000,
,,,0.176080000000,   9.60000,
,,,0.176120000000,   9.60000,
,,,0.176160000000,   9.60000,
,,,0.176200000000,   9.60000,
,,,0.176240000000,   9.60000,
,,,0.176280000000,   9.60000,
,,,0.176320000000,   9.60000,
,,,0.176360000000,   9.60000,
,,,0.176400000000,   9.60000,
,,,0.176440000000,   9.60000,
,,,0.176480000000,   9.60000,
,,,0.176520000000,   9.60000,
,,,0.176560000000,   9.60000,
,,,0.176600000000,   9.60000,
,,,0.176640000000,   9.60000,
,,,0.176680000000,   9.60000,
,,,0.176720000000,   9.60000,
,,,0.176760000000,   9.60000,
,,,0.176800000000,   9.60000,
,,,0.176840000000,   9.60000,
,,,0.176880000000,   9.60000,
,,,0.176920000000,   9.60000,
,,,0.176960000000,   9.60000,
,,,0.177000000000,   9.60000,
,,,0.177040000000,   9.60000,
,,,0.177080000000,   9.60000,
,,,0.177120000000,   9.60000,
,,,0.177160000000,   9.60000,
,,,0.177200000000,   9.80000,
,,,0.177240000000,   9.60000,
,,,0.177280000000,   9.60000,
,,,0.177320000000,   9.80000,
,,,0.177360000000,   9.60000,
,,,0.177400000000,   9.60000,
,,,0.177440000000,   9.60000,
,,,0.177480000000,   9.80000,
,,,0.177520000000,   9.80000,
,,,0.177560000000,   9.80000,
,,,0.177600000000,   9.80000,
,,,0.177640000000,   9.80000,
,,,0.177680000000,   9.80000,
,,,0.177720000000,   9.80000,
,,,0.177760000000,   9.80000,
,,,0.177800000000,   9.80000,
,,,0.177840000000,   9.80000,
,,,0.177880000000,   9.80000,
,,,0.177920000000,   9.80000,
,,,0.177960000000,   9.80000,
