-00.000000822000	  -2.60000
-00.000000821000	  -2.60000
-00.000000820000	  -2.60000
-00.000000819000	  -2.80000
-00.000000818000	  -2.40000
-00.000000817000	  -2.60000
-00.000000816000	  -2.60000
-00.000000815000	  -2.80000
-00.000000814000	  -2.60000
-00.000000813000	  -2.40000
-00.000000812000	  -2.60000
-00.000000811000	  -2.80000
-00.000000810000	  -2.60000
-00.000000809000	  -2.60000
-00.000000808000	  -2.60000
-00.000000807000	  -2.60000
-00.000000806000	  -2.80000
-00.000000805000	  -2.60000
-00.000000804000	  -2.60000
-00.000000803000	  -2.60000
-00.000000802000	  -2.60000
-00.000000801000	  -2.80000
-00.000000800000	  -2.60000
-00.000000799000	  -2.60000
-00.000000798000	  -2.80000
-00.000000797000	  -2.40000
-00.000000796000	  -2.80000
-00.000000795000	  -2.80000
-00.000000794000	  -2.60000
-00.000000793000	  -2.60000
-00.000000792000	  -2.60000
-00.000000791000	  -2.60000
-00.000000790000	  -2.60000
-00.000000789000	  -2.80000
-00.000000788000	  -2.40000
-00.000000787000	  -2.40000
-00.000000786000	  -2.60000
-00.000000785000	  -2.40000
-00.000000784000	  -2.40000
-00.000000783000	  -2.60000
-00.000000782000	  -2.60000
-00.000000781000	  -2.40000
-00.000000780000	  -2.60000
-00.000000779000	  -2.60000
-00.000000778000	  -2.60000
-00.000000777000	  -2.40000
-00.000000776000	  -2.60000
-00.000000775000	  -2.40000
-00.000000774000	  -2.60000
-00.000000773000	  -2.60000
-00.000000772000	  -2.60000
-00.000000771000	  -2.80000
-00.000000770000	  -2.60000
-00.000000769000	  -2.80000
-00.000000768000	  -3.00000
-00.000000767000	  -2.60000
-00.000000766000	  -2.60000
-00.000000765000	  -2.40000
-00.000000764000	  -2.80000
-00.000000763000	  -2.80000
-00.000000762000	  -2.60000
-00.000000761000	  -2.60000
-00.000000760000	  -2.40000
-00.000000759000	  -2.40000
-00.000000758000	  -2.60000
-00.000000757000	  -2.60000
-00.000000756000	  -2.60000
-00.000000755000	  -2.60000
-00.000000754000	  -2.60000
-00.000000753000	  -2.60000
-00.000000752000	  -2.40000
-00.000000751000	  -2.80000
-00.000000750000	  -2.80000
-00.000000749000	  -2.60000
-00.000000748000	  -2.60000
-00.000000747000	  -2.40000
-00.000000746000	  -2.60000
-00.000000745000	  -2.60000
-00.000000744000	  -2.60000
-00.000000743000	  -2.40000
-00.000000742000	  -2.60000
-00.000000741000	  -2.60000
-00.000000740000	  -2.60000
-00.000000739000	  -2.60000
-00.000000738000	  -2.40000
-00.000000737000	  -2.60000
-00.000000736000	  -2.80000
-00.000000735000	  -2.60000
-00.000000734000	  -2.40000
-00.000000733000	  -2.40000
-00.000000732000	  -2.40000
-00.000000731000	  -2.40000
-00.000000730000	  -2.60000
-00.000000729000	  -2.40000
-00.000000728000	  -2.80000
-00.000000727000	  -2.60000
-00.000000726000	  -2.60000
-00.000000725000	  -2.40000
-00.000000724000	  -2.40000
-00.000000723000	  -2.80000
-00.000000722000	  -2.60000
-00.000000721000	  -2.60000
-00.000000720000	  -2.80000
-00.000000719000	  -2.60000
-00.000000718000	  -2.60000
-00.000000717000	  -2.80000
-00.000000716000	  -2.60000
-00.000000715000	  -2.60000
-00.000000714000	  -2.40000
-00.000000713000	  -2.60000
-00.000000712000	  -2.80000
-00.000000711000	  -2.60000
-00.000000710000	  -2.80000
-00.000000709000	  -2.40000
-00.000000708000	  -2.60000
-00.000000707000	  -2.40000
-00.000000706000	  -2.60000
-00.000000705000	  -2.40000
-00.000000704000	  -2.60000
-00.000000703000	  -2.80000
-00.000000702000	  -2.60000
-00.000000701000	  -2.40000
-00.000000700000	  -2.40000
-00.000000699000	  -2.20000
-00.000000698000	  -2.40000
-00.000000697000	  -2.80000
-00.000000696000	  -2.60000
-00.000000695000	  -2.40000
-00.000000694000	  -2.60000
-00.000000693000	  -2.40000
-00.000000692000	  -2.40000
-00.000000691000	  -2.60000
-00.000000690000	  -2.60000
-00.000000689000	  -2.40000
-00.000000688000	  -2.40000
-00.000000687000	  -2.60000
-00.000000686000	  -2.40000
-00.000000685000	  -2.60000
-00.000000684000	  -2.60000
-00.000000683000	  -2.60000
-00.000000682000	  -2.60000
-00.000000681000	  -2.60000
-00.000000680000	  -2.60000
-00.000000679000	  -2.60000
-00.000000678000	  -2.80000
-00.000000677000	  -2.80000
-00.000000676000	  -2.60000
-00.000000675000	  -2.60000
-00.000000674000	  -2.40000
-00.000000673000	  -2.60000
-00.000000672000	  -2.40000
-00.000000671000	  -2.60000
-00.000000670000	  -2.40000
-00.000000669000	  -2.60000
-00.000000668000	  -2.60000
-00.000000667000	  -2.40000
-00.000000666000	  -2.20000
-00.000000665000	  -2.40000
-00.000000664000	  -2.60000
-00.000000663000	  -2.60000
-00.000000662000	  -2.60000
-00.000000661000	  -2.40000
-00.000000660000	  -2.60000
-00.000000659000	  -2.40000
-00.000000658000	  -2.60000
-00.000000657000	  -2.60000
-00.000000656000	  -2.60000
-00.000000655000	  -2.80000
-00.000000654000	  -2.80000
-00.000000653000	  -2.60000
-00.000000652000	  -2.60000
-00.000000651000	  -2.60000
-00.000000650000	  -2.60000
-00.000000649000	  -2.60000
-00.000000648000	  -2.60000
-00.000000647000	  -2.40000
-00.000000646000	  -2.40000
-00.000000645000	  -2.40000
-00.000000644000	  -2.60000
-00.000000643000	  -2.60000
-00.000000642000	  -2.60000
-00.000000641000	  -2.60000
-00.000000640000	  -2.60000
-00.000000639000	  -2.60000
-00.000000638000	  -2.60000
-00.000000637000	  -2.60000
-00.000000636000	  -2.40000
-00.000000635000	  -2.80000
-00.000000634000	  -2.60000
-00.000000633000	  -2.60000
-00.000000632000	  -2.40000
-00.000000631000	  -2.60000
-00.000000630000	  -2.60000
-00.000000629000	  -2.80000
-00.000000628000	  -2.60000
-00.000000627000	  -2.60000
-00.000000626000	  -2.60000
-00.000000625000	  -2.60000
-00.000000624000	  -2.60000
-00.000000623000	  -2.60000
-00.000000622000	  -2.60000
-00.000000621000	  -2.80000
-00.000000620000	  -2.80000
-00.000000619000	  -2.80000
-00.000000618000	  -2.60000
-00.000000617000	  -2.60000
-00.000000616000	  -2.80000
-00.000000615000	  -2.60000
-00.000000614000	  -2.60000
-00.000000613000	  -2.60000
-00.000000612000	  -2.60000
-00.000000611000	  -2.80000
-00.000000610000	  -2.40000
-00.000000609000	  -2.40000
-00.000000608000	  -2.40000
-00.000000607000	  -2.60000
-00.000000606000	  -2.60000
-00.000000605000	  -2.60000
-00.000000604000	  -2.60000
-00.000000603000	  -2.60000
-00.000000602000	  -2.40000
-00.000000601000	  -2.60000
-00.000000600000	  -2.60000
-00.000000599000	  -2.80000
-00.000000598000	  -2.80000
-00.000000597000	  -2.80000
-00.000000596000	  -2.60000
-00.000000595000	  -2.60000
-00.000000594000	  -2.40000
-00.000000593000	  -2.60000
-00.000000592000	  -2.80000
-00.000000591000	  -2.40000
-00.000000590000	  -2.60000
-00.000000589000	  -2.40000
-00.000000588000	  -2.60000
-00.000000587000	  -2.60000
-00.000000586000	  -2.60000
-00.000000585000	  -2.40000
-00.000000584000	  -2.40000
-00.000000583000	  -2.60000
-00.000000582000	  -2.60000
-00.000000581000	  -2.60000
-00.000000580000	  -2.60000
-00.000000579000	  -2.60000
-00.000000578000	  -2.80000
-00.000000577000	  -2.40000
-00.000000576000	  -2.40000
-00.000000575000	  -2.40000
-00.000000574000	  -2.60000
-00.000000573000	  -2.60000
-00.000000572000	  -2.60000
-00.000000571000	  -2.60000
-00.000000570000	  -2.80000
-00.000000569000	  -2.60000
-00.000000568000	  -2.40000
-00.000000567000	  -2.20000
-00.000000566000	  -2.40000
-00.000000565000	  -2.60000
-00.000000564000	  -2.80000
-00.000000563000	  -2.60000
-00.000000562000	  -2.60000
-00.000000561000	  -2.40000
-00.000000560000	  -2.60000
-00.000000559000	  -2.60000
-00.000000558000	  -2.60000
-00.000000557000	  -2.80000
-00.000000556000	  -2.60000
-00.000000555000	  -2.60000
-00.000000554000	  -2.60000
-00.000000553000	  -2.80000
-00.000000552000	  -2.60000
-00.000000551000	  -2.60000
-00.000000550000	  -2.40000
-00.000000549000	  -2.80000
-00.000000548000	  -2.80000
-00.000000547000	  -2.60000
-00.000000546000	  -2.60000
-00.000000545000	  -2.80000
-00.000000544000	  -2.60000
-00.000000543000	  -2.40000
-00.000000542000	  -2.60000
-00.000000541000	  -2.80000
-00.000000540000	  -2.60000
-00.000000539000	  -2.80000
-00.000000538000	  -2.60000
-00.000000537000	  -2.60000
-00.000000536000	  -2.60000
-00.000000535000	  -2.80000
-00.000000534000	  -2.40000
-00.000000533000	  -2.60000
-00.000000532000	  -2.60000
-00.000000531000	  -2.60000
-00.000000530000	  -2.80000
-00.000000529000	  -2.60000
-00.000000528000	  -2.60000
-00.000000527000	  -2.40000
-00.000000526000	  -2.60000
-00.000000525000	  -2.60000
-00.000000524000	  -2.60000
-00.000000523000	  -2.60000
-00.000000522000	  -2.60000
-00.000000521000	  -2.40000
-00.000000520000	  -2.60000
-00.000000519000	  -2.60000
-00.000000518000	  -2.40000
-00.000000517000	  -2.20000
-00.000000516000	  -2.60000
-00.000000515000	  -2.60000
-00.000000514000	  -2.60000
-00.000000513000	  -2.80000
-00.000000512000	  -2.40000
-00.000000511000	  -2.40000
-00.000000510000	  -2.40000
-00.000000509000	  -2.40000
-00.000000508000	  -2.60000
-00.000000507000	  -2.80000
-00.000000506000	  -2.40000
-00.000000505000	  -2.60000
-00.000000504000	  -2.60000
-00.000000503000	  -2.40000
-00.000000502000	  -2.40000
-00.000000501000	  -2.40000
-00.000000500000	  -2.40000
-00.000000499000	  -2.60000
-00.000000498000	  -2.60000
-00.000000497000	  -2.60000
-00.000000496000	  -2.40000
-00.000000495000	  -2.40000
-00.000000494000	  -2.60000
-00.000000493000	  -2.60000
-00.000000492000	  -2.20000
-00.000000491000	  -2.40000
-00.000000490000	  -2.40000
-00.000000489000	  -2.80000
-00.000000488000	  -2.60000
-00.000000487000	  -2.60000
-00.000000486000	  -2.40000
-00.000000485000	  -2.60000
-00.000000484000	  -2.40000
-00.000000483000	  -2.60000
-00.000000482000	  -2.60000
-00.000000481000	  -2.40000
-00.000000480000	  -2.40000
-00.000000479000	  -2.60000
-00.000000478000	  -2.40000
-00.000000477000	  -2.40000
-00.000000476000	  -2.40000
-00.000000475000	  -2.40000
-00.000000474000	  -2.60000
-00.000000473000	  -2.60000
-00.000000472000	  -2.40000
-00.000000471000	  -2.40000
-00.000000470000	  -2.60000
-00.000000469000	  -2.60000
-00.000000468000	  -2.40000
-00.000000467000	  -2.60000
-00.000000466000	  -2.40000
-00.000000465000	  -2.60000
-00.000000464000	  -2.80000
-00.000000463000	  -2.40000
-00.000000462000	  -2.40000
-00.000000461000	  -2.60000
-00.000000460000	  -2.40000
-00.000000459000	  -2.40000
-00.000000458000	  -2.40000
-00.000000457000	  -2.60000
-00.000000456000	  -2.60000
-00.000000455000	  -2.40000
-00.000000454000	  -2.40000
-00.000000453000	  -2.60000
-00.000000452000	  -2.40000
-00.000000451000	  -2.40000
-00.000000450000	  -2.80000
-00.000000449000	  -2.60000
-00.000000448000	  -2.40000
-00.000000447000	  -2.40000
-00.000000446000	  -2.60000
-00.000000445000	  -2.60000
-00.000000444000	  -2.40000
-00.000000443000	  -2.60000
-00.000000442000	  -2.40000
-00.000000441000	  -2.40000
-00.000000440000	  -2.40000
-00.000000439000	  -2.60000
-00.000000438000	  -2.60000
-00.000000437000	  -2.80000
-00.000000436000	  -2.60000
-00.000000435000	  -2.80000
-00.000000434000	  -2.60000
-00.000000433000	  -2.60000
-00.000000432000	  -2.60000
-00.000000431000	  -2.60000
-00.000000430000	  -2.40000
-00.000000429000	  -2.40000
-00.000000428000	  -2.40000
-00.000000427000	  -2.40000
-00.000000426000	  -2.60000
-00.000000425000	  -2.40000
-00.000000424000	  -2.60000
-00.000000423000	  -2.60000
-00.000000422000	  -2.40000
-00.000000421000	  -2.60000
-00.000000420000	  -2.60000
-00.000000419000	  -2.40000
-00.000000418000	  -2.40000
-00.000000417000	  -2.60000
-00.000000416000	  -2.60000
-00.000000415000	  -2.60000
-00.000000414000	  -2.60000
-00.000000413000	  -2.60000
-00.000000412000	  -2.40000
-00.000000411000	  -2.40000
-00.000000410000	  -2.60000
-00.000000409000	  -2.40000
-00.000000408000	  -2.60000
-00.000000407000	  -2.60000
-00.000000406000	  -2.60000
-00.000000405000	  -2.80000
-00.000000404000	  -2.60000
-00.000000403000	  -2.40000
-00.000000402000	  -2.40000
-00.000000401000	  -2.40000
-00.000000400000	  -2.60000
-00.000000399000	  -2.60000
-00.000000398000	  -2.40000
-00.000000397000	  -2.20000
-00.000000396000	  -2.60000
-00.000000395000	  -2.40000
-00.000000394000	  -2.60000
-00.000000393000	  -2.20000
-00.000000392000	  -2.60000
-00.000000391000	  -2.40000
-00.000000390000	  -2.40000
-00.000000389000	  -2.60000
-00.000000388000	  -2.60000
-00.000000387000	  -2.40000
-00.000000386000	  -2.60000
-00.000000385000	  -2.40000
-00.000000384000	  -2.60000
-00.000000383000	  -2.60000
-00.000000382000	  -2.80000
-00.000000381000	  -2.60000
-00.000000380000	  -2.80000
-00.000000379000	  -2.60000
-00.000000378000	  -2.80000
-00.000000377000	  -2.40000
-00.000000376000	  -2.40000
-00.000000375000	  -2.60000
-00.000000374000	  -2.80000
-00.000000373000	  -2.80000
-00.000000372000	  -2.40000
-00.000000371000	  -2.40000
-00.000000370000	  -2.40000
-00.000000369000	  -2.20000
-00.000000368000	  -2.40000
-00.000000367000	  -2.60000
-00.000000366000	  -2.40000
-00.000000365000	  -2.60000
-00.000000364000	  -2.60000
-00.000000363000	  -2.40000
-00.000000362000	  -2.40000
-00.000000361000	  -2.40000
-00.000000360000	  -2.60000
-00.000000359000	  -2.80000
-00.000000358000	  -2.40000
-00.000000357000	  -2.60000
-00.000000356000	  -2.60000
-00.000000355000	  -2.80000
-00.000000354000	  -2.40000
-00.000000353000	  -2.20000
-00.000000352000	  -2.40000
-00.000000351000	  -2.40000
-00.000000350000	  -2.60000
-00.000000349000	  -2.60000
-00.000000348000	  -2.40000
-00.000000347000	  -2.40000
-00.000000346000	  -2.60000
-00.000000345000	  -2.40000
-00.000000344000	  -2.60000
-00.000000343000	  -2.60000
-00.000000342000	  -2.60000
-00.000000341000	  -2.40000
-00.000000340000	  -2.40000
-00.000000339000	  -2.40000
-00.000000338000	  -2.40000
-00.000000337000	  -2.60000
-00.000000336000	  -2.20000
-00.000000335000	  -2.40000
-00.000000334000	  -2.40000
-00.000000333000	  -2.40000
-00.000000332000	  -2.80000
-00.000000331000	  -2.40000
-00.000000330000	  -2.60000
-00.000000329000	  -2.20000
-00.000000328000	  -2.40000
-00.000000327000	  -2.40000
-00.000000326000	  -2.40000
-00.000000325000	  -2.40000
-00.000000324000	  -2.40000
-00.000000323000	  -2.60000
-00.000000322000	  -2.40000
-00.000000321000	  -2.40000
-00.000000320000	  -2.40000
-00.000000319000	  -2.40000
-00.000000318000	  -2.40000
-00.000000317000	  -2.40000
-00.000000316000	  -2.60000
-00.000000315000	  -2.60000
-00.000000314000	  -2.40000
-00.000000313000	  -2.40000
-00.000000312000	  -2.40000
-00.000000311000	  -2.60000
-00.000000310000	  -2.40000
-00.000000309000	  -2.40000
-00.000000308000	  -2.20000
-00.000000307000	  -2.60000
-00.000000306000	  -2.40000
-00.000000305000	  -2.60000
-00.000000304000	  -2.40000
-00.000000303000	  -2.40000
-00.000000302000	  -2.40000
-00.000000301000	  -2.60000
-00.000000300000	  -2.60000
-00.000000299000	  -2.60000
-00.000000298000	  -2.60000
-00.000000297000	  -2.40000
-00.000000296000	  -2.20000
-00.000000295000	  -2.60000
-00.000000294000	  -2.20000
-00.000000293000	  -2.40000
-00.000000292000	  -2.40000
-00.000000291000	  -2.40000
-00.000000290000	  -2.40000
-00.000000289000	  -2.40000
-00.000000288000	  -2.40000
-00.000000287000	  -2.20000
-00.000000286000	  -2.20000
-00.000000285000	  -2.40000
-00.000000284000	  -2.40000
-00.000000283000	  -2.40000
-00.000000282000	  -2.20000
-00.000000281000	  -2.40000
-00.000000280000	  -2.40000
-00.000000279000	  -2.60000
-00.000000278000	  -2.40000
-00.000000277000	  -2.60000
-00.000000276000	  -2.40000
-00.000000275000	  -2.60000
-00.000000274000	  -2.60000
-00.000000273000	  -2.60000
-00.000000272000	  -2.40000
-00.000000271000	  -2.60000
-00.000000270000	  -2.20000
-00.000000269000	  -2.40000
-00.000000268000	  -2.60000
-00.000000267000	  -2.60000
-00.000000266000	  -2.40000
-00.000000265000	  -2.40000
-00.000000264000	  -2.40000
-00.000000263000	  -2.60000
-00.000000262000	  -2.60000
-00.000000261000	  -2.60000
-00.000000260000	  -2.60000
-00.000000259000	  -2.60000
-00.000000258000	  -2.60000
-00.000000257000	  -2.40000
-00.000000256000	  -2.60000
-00.000000255000	  -2.60000
-00.000000254000	  -2.40000
-00.000000253000	  -2.40000
-00.000000252000	  -2.60000
-00.000000251000	  -2.60000
-00.000000250000	  -2.60000
-00.000000249000	  -2.40000
-00.000000248000	  -2.20000
-00.000000247000	  -2.40000
-00.000000246000	  -2.20000
-00.000000245000	  -2.60000
-00.000000244000	  -2.40000
-00.000000243000	  -2.40000
-00.000000242000	  -2.40000
-00.000000241000	  -2.40000
-00.000000240000	  -2.40000
-00.000000239000	  -2.60000
-00.000000238000	  -2.40000
-00.000000237000	  -2.20000
-00.000000236000	  -2.40000
-00.000000235000	  -2.60000
-00.000000234000	  -2.40000
-00.000000233000	  -2.80000
-00.000000232000	  -2.60000
-00.000000231000	  -2.40000
-00.000000230000	  -2.20000
-00.000000229000	  -2.60000
-00.000000228000	  -2.40000
-00.000000227000	  -2.20000
-00.000000226000	  -2.20000
-00.000000225000	  -2.60000
-00.000000224000	  -2.40000
-00.000000223000	  -2.40000
-00.000000222000	  -2.40000
-00.000000221000	  -2.40000
-00.000000220000	  -2.40000
-00.000000219000	  -2.40000
-00.000000218000	  -2.20000
-00.000000217000	  -2.40000
-00.000000216000	  -2.40000
-00.000000215000	  -2.20000
-00.000000214000	  -2.40000
-00.000000213000	  -2.20000
-00.000000212000	  -2.20000
-00.000000211000	  -2.20000
-00.000000210000	  -2.40000
-00.000000209000	  -2.40000
-00.000000208000	  -2.40000
-00.000000207000	  -2.60000
-00.000000206000	  -2.20000
-00.000000205000	  -2.20000
-00.000000204000	  -2.00000
-00.000000203000	  -2.20000
-00.000000202000	  -2.60000
-00.000000201000	  -2.80000
-00.000000200000	  -2.40000
-00.000000199000	  -2.60000
-00.000000198000	  -2.20000
-00.000000197000	  -2.20000
-00.000000196000	  -2.40000
-00.000000195000	  -2.20000
-00.000000194000	  -2.40000
-00.000000193000	  -2.20000
-00.000000192000	  -2.20000
-00.000000191000	  -2.20000
-00.000000190000	  -2.40000
-00.000000189000	  -2.00000
-00.000000188000	  -2.40000
-00.000000187000	  -2.40000
-00.000000186000	  -2.40000
-00.000000185000	  -2.20000
-00.000000184000	  -2.20000
-00.000000183000	  -2.20000
-00.000000182000	  -2.20000
-00.000000181000	  -2.00000
-00.000000180000	  -2.40000
-00.000000179000	  -2.00000
-00.000000178000	  -2.40000
-00.000000177000	  -2.40000
-00.000000176000	  -2.20000
-00.000000175000	  -2.60000
-00.000000174000	  -2.40000
-00.000000173000	  -2.40000
-00.000000172000	  -2.60000
-00.000000171000	  -2.20000
-00.000000170000	  -2.40000
-00.000000169000	  -2.20000
-00.000000168000	  -2.40000
-00.000000167000	  -2.40000
-00.000000166000	  -2.00000
-00.000000165000	  -2.20000
-00.000000164000	  -2.40000
-00.000000163000	  -2.40000
-00.000000162000	  -2.40000
-00.000000161000	  -2.60000
-00.000000160000	  -2.20000
-00.000000159000	  -2.60000
-00.000000158000	  -2.40000
-00.000000157000	  -2.20000
-00.000000156000	  -2.60000
-00.000000155000	  -2.60000
-00.000000154000	  -2.20000
-00.000000153000	  -2.40000
-00.000000152000	  -2.40000
-00.000000151000	  -2.00000
-00.000000150000	  -2.20000
-00.000000149000	  -2.40000
-00.000000148000	  -2.40000
-00.000000147000	  -2.00000
-00.000000146000	  -2.00000
-00.000000145000	  -2.00000
-00.000000144000	  -2.20000
-00.000000143000	  -2.20000
-00.000000142000	  -2.20000
-00.000000141000	  -2.20000
-00.000000140000	  -2.20000
-00.000000139000	  -2.20000
-00.000000138000	  -2.00000
-00.000000137000	  -2.00000
-00.000000136000	  -2.20000
-00.000000135000	  -2.00000
-00.000000134000	  -2.20000
-00.000000133000	  -2.20000
-00.000000132000	  -2.00000
-00.000000131000	  -2.00000
-00.000000130000	  -2.00000
-00.000000129000	  -2.00000
-00.000000128000	  -2.00000
-00.000000127000	  -2.20000
-00.000000126000	  -2.20000
-00.000000125000	  -2.40000
-00.000000124000	  -2.40000
-00.000000123000	  -2.20000
-00.000000122000	  -2.00000
-00.000000121000	  -2.20000
-00.000000120000	  -2.20000
-00.000000119000	  -2.20000
-00.000000118000	  -2.20000
-00.000000117000	  -2.20000
-00.000000116000	  -2.40000
-00.000000115000	  -2.00000
-00.000000114000	  -2.20000
-00.000000113000	  -2.20000
-00.000000112000	  -2.00000
-00.000000111000	  -2.20000
-00.000000110000	  -2.00000
-00.000000109000	  -2.20000
-00.000000108000	  -2.20000
-00.000000107000	  -1.80000
-00.000000106000	  -2.00000
-00.000000105000	  -2.20000
-00.000000104000	  -2.00000
-00.000000103000	  -2.20000
-00.000000102000	  -2.20000
-00.000000101000	  -2.00000
-00.000000100000	  -2.00000
-00.000000099000	  -2.00000
-00.000000098000	  -1.80000
-00.000000097000	  -2.00000
-00.000000096000	  -2.00000
-00.000000095000	  -2.20000
-00.000000094000	  -2.00000
-00.000000093000	  -2.20000
-00.000000092000	  -2.00000
-00.000000091000	  -2.40000
-00.000000090000	  -2.00000
-00.000000089000	  -2.00000
-00.000000088000	  -2.20000
-00.000000087000	  -2.20000
-00.000000086000	  -2.40000
-00.000000085000	  -2.00000
-00.000000084000	  -2.20000
-00.000000083000	  -1.80000
-00.000000082000	  -1.80000
-00.000000081000	  -2.00000
-00.000000080000	  -1.80000
-00.000000079000	  -2.00000
-00.000000078000	  -2.00000
-00.000000077000	  -2.00000
-00.000000076000	  -2.20000
-00.000000075000	  -1.80000
-00.000000074000	  -1.80000
-00.000000073000	  -2.00000
-00.000000072000	  -2.00000
-00.000000071000	  -2.00000
-00.000000070000	  -2.00000
-00.000000069000	  -2.00000
-00.000000068000	  -2.00000
-00.000000067000	  -1.80000
-00.000000066000	  -1.60000
-00.000000065000	  -1.60000
-00.000000064000	  -1.80000
-00.000000063000	  -1.80000
-00.000000062000	  -2.00000
-00.000000061000	  -2.20000
-00.000000060000	  -2.00000
-00.000000059000	  -1.80000
-00.000000058000	  -1.60000
-00.000000057000	  -1.80000
-00.000000056000	  -1.60000
-00.000000055000	  -1.80000
-00.000000054000	  -2.00000
-00.000000053000	  -1.80000
-00.000000052000	  -2.00000
-00.000000051000	  -1.60000
-00.000000050000	  -1.80000
-00.000000049000	  -1.80000
-00.000000048000	  -1.80000
-00.000000047000	  -1.80000
-00.000000046000	  -1.80000
-00.000000045000	  -1.80000
-00.000000044000	  -1.80000
-00.000000043000	  -1.60000
-00.000000042000	  -1.60000
-00.000000041000	  -1.60000
-00.000000040000	  -1.80000
-00.000000039000	  -1.40000
-00.000000038000	  -1.60000
-00.000000037000	  -1.40000
-00.000000036000	  -1.40000
-00.000000035000	  -1.80000
-00.000000034000	  -1.60000
-00.000000033000	  -1.20000
-00.000000032000	  -1.40000
-00.000000031000	  -1.40000
-00.000000030000	  -1.40000
-00.000000029000	  -1.20000
-00.000000028000	  -1.20000
-00.000000027000	  -1.40000
-00.000000026000	  -1.40000
-00.000000025000	  -1.40000
-00.000000024000	  -1.20000
-00.000000023000	  -1.20000
-00.000000022000	  -1.20000
-00.000000021000	  -1.00000
-00.000000020000	  -1.20000
-00.000000019000	  -1.20000
-00.000000018000	  -1.20000
-00.000000017000	  -1.20000
-00.000000016000	  -1.20000
-00.000000015000	  -1.00000
-00.000000014000	  -1.00000
-00.000000013000	  -1.00000
-00.000000012000	  -1.00000
-00.000000011000	  -0.80000
-00.000000010000	  -1.00000
-00.000000009000	  -1.00000
-00.000000008000	  -0.60000
-00.000000007000	  -0.60000
-00.000000006000	  -0.40000
-00.000000005000	  -0.20000
-00.000000004000	  -0.20000
-00.000000003000	   0.20000
-00.000000002000	   0.60000
-00.000000001000	   0.80000
-00.000000000000	   1.60000
00.000000001000	   2.40000
00.000000002000	   3.20000
00.000000003000	   4.20000
00.000000004000	   5.00000
00.000000005000	   6.60000
00.000000006000	   8.00000
00.000000007000	   9.00000
00.000000008000	  10.20000
00.000000009000	  11.80000
00.000000010000	  12.60000
00.000000011000	  14.00000
00.000000012000	  15.00000
00.000000013000	  15.80000
00.000000014000	  17.20000
00.000000015000	  17.60000
00.000000016000	  18.40000
00.000000017000	  19.00000
00.000000018000	  19.20000
00.000000019000	  19.60000
00.000000020000	  19.80000
00.000000021000	  20.00000
00.000000022000	  19.80000
00.000000023000	  19.80000
00.000000024000	  20.00000
00.000000025000	  19.80000
00.000000026000	  19.80000
00.000000027000	  19.60000
00.000000028000	  19.40000
00.000000029000	  19.60000
00.000000030000	  19.20000
00.000000031000	  19.40000
00.000000032000	  19.40000
00.000000033000	  19.40000
00.000000034000	  19.40000
00.000000035000	  19.20000
00.000000036000	  19.40000
00.000000037000	  19.60000
00.000000038000	  19.80000
00.000000039000	  19.60000
00.000000040000	  19.80000
00.000000041000	  20.00000
00.000000042000	  20.00000
00.000000043000	  20.00000
00.000000044000	  20.20000
00.000000045000	  20.40000
00.000000046000	  20.40000
00.000000047000	  20.60000
00.000000048000	  20.60000
00.000000049000	  20.80000
00.000000050000	  20.80000
00.000000051000	  20.80000
00.000000052000	  21.00000
00.000000053000	  20.80000
00.000000054000	  20.80000
00.000000055000	  21.00000
00.000000056000	  20.80000
00.000000057000	  21.20000
00.000000058000	  21.20000
00.000000059000	  21.20000
00.000000060000	  21.20000
00.000000061000	  21.00000
00.000000062000	  21.40000
00.000000063000	  21.20000
00.000000064000	  21.20000
00.000000065000	  21.40000
00.000000066000	  21.60000
00.000000067000	  21.60000
00.000000068000	  21.60000
00.000000069000	  21.40000
00.000000070000	  21.80000
00.000000071000	  21.60000
00.000000072000	  21.40000
00.000000073000	  21.60000
00.000000074000	  21.80000
00.000000075000	  21.80000
00.000000076000	  21.80000
00.000000077000	  21.80000
00.000000078000	  21.80000
00.000000079000	  22.00000
00.000000080000	  22.20000
00.000000081000	  21.80000
00.000000082000	  21.80000
00.000000083000	  22.00000
00.000000084000	  22.00000
00.000000085000	  22.00000
00.000000086000	  22.00000
00.000000087000	  22.00000
00.000000088000	  22.20000
00.000000089000	  22.20000
00.000000090000	  22.20000
00.000000091000	  22.20000
00.000000092000	  22.00000
00.000000093000	  22.20000
00.000000094000	  22.00000
00.000000095000	  22.20000
00.000000096000	  22.60000
00.000000097000	  22.20000
00.000000098000	  22.00000
00.000000099000	  22.20000
00.000000100000	  22.20000
00.000000101000	  22.20000
00.000000102000	  22.40000
00.000000103000	  22.40000
00.000000104000	  22.20000
00.000000105000	  22.20000
00.000000106000	  22.40000
00.000000107000	  22.40000
00.000000108000	  22.80000
00.000000109000	  22.40000
00.000000110000	  22.40000
00.000000111000	  22.60000
00.000000112000	  22.40000
00.000000113000	  22.60000
00.000000114000	  22.40000
00.000000115000	  22.40000
00.000000116000	  22.60000
00.000000117000	  22.60000
00.000000118000	  22.40000
00.000000119000	  22.60000
00.000000120000	  22.60000
00.000000121000	  22.60000
00.000000122000	  22.40000
00.000000123000	  22.80000
00.000000124000	  22.60000
00.000000125000	  22.60000
00.000000126000	  22.60000
00.000000127000	  22.80000
00.000000128000	  23.00000
00.000000129000	  22.60000
00.000000130000	  22.80000
00.000000131000	  22.60000
00.000000132000	  22.80000
00.000000133000	  22.80000
00.000000134000	  22.60000
00.000000135000	  22.60000
00.000000136000	  22.60000
00.000000137000	  22.80000
00.000000138000	  22.80000
00.000000139000	  22.60000
00.000000140000	  23.00000
00.000000141000	  22.80000
00.000000142000	  22.60000
00.000000143000	  23.00000
00.000000144000	  22.60000
00.000000145000	  22.80000
00.000000146000	  22.60000
00.000000147000	  22.80000
00.000000148000	  22.60000
00.000000149000	  22.80000
00.000000150000	  22.80000
00.000000151000	  22.80000
00.000000152000	  22.80000
00.000000153000	  22.60000
00.000000154000	  22.60000
00.000000155000	  22.80000
00.000000156000	  22.80000
00.000000157000	  23.20000
00.000000158000	  23.00000
00.000000159000	  23.00000
00.000000160000	  22.80000
00.000000161000	  22.80000
00.000000162000	  23.00000
00.000000163000	  23.00000
00.000000164000	  23.00000
00.000000165000	  22.80000
00.000000166000	  22.80000
00.000000167000	  23.00000
00.000000168000	  23.00000
00.000000169000	  22.80000
00.000000170000	  23.00000
00.000000171000	  23.00000
00.000000172000	  23.00000
00.000000173000	  22.80000
00.000000174000	  23.20000
00.000000175000	  22.80000
00.000000176000	  23.00000
00.000000177000	  22.80000
00.000000178000	  23.00000
00.000000179000	  23.00000
00.000000180000	  23.00000
00.000000181000	  22.80000
00.000000182000	  23.00000
00.000000183000	  23.00000
00.000000184000	  23.00000
00.000000185000	  23.00000
00.000000186000	  23.00000
00.000000187000	  22.80000
00.000000188000	  22.80000
00.000000189000	  23.00000
00.000000190000	  23.00000
00.000000191000	  22.80000
00.000000192000	  23.00000
00.000000193000	  22.80000
00.000000194000	  23.00000
00.000000195000	  23.00000
00.000000196000	  23.00000
00.000000197000	  22.80000
00.000000198000	  22.80000
00.000000199000	  23.00000
00.000000200000	  23.00000
00.000000201000	  23.00000
00.000000202000	  23.20000
00.000000203000	  23.00000
00.000000204000	  23.00000
00.000000205000	  23.20000
00.000000206000	  23.20000
00.000000207000	  23.00000
00.000000208000	  23.00000
00.000000209000	  23.00000
00.000000210000	  23.00000
00.000000211000	  23.00000
00.000000212000	  23.20000
00.000000213000	  22.80000
00.000000214000	  23.00000
00.000000215000	  23.00000
00.000000216000	  22.80000
00.000000217000	  23.00000
00.000000218000	  23.00000
00.000000219000	  23.00000
00.000000220000	  23.00000
00.000000221000	  23.00000
00.000000222000	  22.80000
00.000000223000	  23.00000
00.000000224000	  23.00000
00.000000225000	  23.00000
00.000000226000	  23.00000
00.000000227000	  23.00000
00.000000228000	  23.00000
00.000000229000	  23.20000
00.000000230000	  22.80000
00.000000231000	  22.80000
00.000000232000	  23.20000
00.000000233000	  23.00000
00.000000234000	  23.20000
00.000000235000	  23.00000
00.000000236000	  23.20000
00.000000237000	  23.00000
00.000000238000	  23.00000
00.000000239000	  23.40000
00.000000240000	  22.80000
00.000000241000	  22.80000
00.000000242000	  23.00000
00.000000243000	  23.00000
00.000000244000	  22.80000
00.000000245000	  22.80000
00.000000246000	  23.00000
00.000000247000	  23.00000
00.000000248000	  23.00000
00.000000249000	  23.00000
00.000000250000	  23.20000
00.000000251000	  23.00000
00.000000252000	  23.00000
00.000000253000	  23.20000
00.000000254000	  22.80000
00.000000255000	  23.00000
00.000000256000	  23.20000
00.000000257000	  23.00000
00.000000258000	  22.80000
00.000000259000	  23.00000
00.000000260000	  23.00000
00.000000261000	  23.20000
00.000000262000	  23.00000
00.000000263000	  23.20000
00.000000264000	  23.00000
00.000000265000	  23.20000
00.000000266000	  23.00000
00.000000267000	  23.00000
00.000000268000	  23.00000
00.000000269000	  23.40000
00.000000270000	  23.20000
00.000000271000	  23.20000
00.000000272000	  23.40000
00.000000273000	  23.20000
00.000000274000	  23.20000
00.000000275000	  23.00000
00.000000276000	  23.20000
00.000000277000	  23.20000
00.000000278000	  23.20000
00.000000279000	  23.00000
00.000000280000	  23.20000
00.000000281000	  23.00000
00.000000282000	  23.00000
00.000000283000	  23.20000
00.000000284000	  23.20000
00.000000285000	  23.20000
00.000000286000	  23.00000
00.000000287000	  23.00000
00.000000288000	  23.20000
00.000000289000	  23.20000
00.000000290000	  23.20000
00.000000291000	  23.20000
00.000000292000	  23.00000
00.000000293000	  23.00000
00.000000294000	  23.20000
00.000000295000	  23.20000
00.000000296000	  22.80000
00.000000297000	  23.20000
00.000000298000	  23.00000
00.000000299000	  23.00000
00.000000300000	  23.00000
00.000000301000	  23.20000
00.000000302000	  23.20000
00.000000303000	  23.00000
00.000000304000	  23.00000
00.000000305000	  23.00000
00.000000306000	  23.20000
00.000000307000	  23.20000
00.000000308000	  23.00000
00.000000309000	  23.00000
00.000000310000	  23.20000
00.000000311000	  23.20000
00.000000312000	  23.20000
00.000000313000	  23.40000
00.000000314000	  23.20000
00.000000315000	  23.00000
00.000000316000	  23.20000
00.000000317000	  23.20000
00.000000318000	  23.20000
00.000000319000	  23.00000
00.000000320000	  23.00000
00.000000321000	  23.00000
00.000000322000	  23.00000
00.000000323000	  23.20000
00.000000324000	  23.20000
00.000000325000	  23.00000
00.000000326000	  23.20000
00.000000327000	  23.00000
00.000000328000	  23.40000
00.000000329000	  23.20000
00.000000330000	  23.00000
00.000000331000	  23.40000
00.000000332000	  23.20000
00.000000333000	  23.20000
00.000000334000	  23.20000
00.000000335000	  23.20000
00.000000336000	  23.20000
00.000000337000	  23.00000
00.000000338000	  23.40000
00.000000339000	  23.00000
00.000000340000	  23.20000
00.000000341000	  23.20000
00.000000342000	  23.40000
00.000000343000	  23.20000
00.000000344000	  23.20000
00.000000345000	  23.20000
00.000000346000	  23.40000
00.000000347000	  23.20000
00.000000348000	  23.20000
00.000000349000	  23.00000
00.000000350000	  23.00000
00.000000351000	  23.20000
00.000000352000	  23.20000
00.000000353000	  23.20000
00.000000354000	  23.00000
00.000000355000	  23.20000
00.000000356000	  23.20000
00.000000357000	  23.20000
00.000000358000	  23.20000
00.000000359000	  23.00000
00.000000360000	  23.20000
00.000000361000	  23.20000
00.000000362000	  23.00000
00.000000363000	  23.20000
00.000000364000	  23.20000
00.000000365000	  23.20000
00.000000366000	  23.20000
00.000000367000	  23.00000
00.000000368000	  23.20000
00.000000369000	  23.40000
00.000000370000	  23.20000
00.000000371000	  23.20000
00.000000372000	  23.20000
00.000000373000	  23.40000
00.000000374000	  23.20000
00.000000375000	  23.20000
00.000000376000	  23.20000
00.000000377000	  23.40000
00.000000378000	  23.20000
00.000000379000	  23.20000
00.000000380000	  23.20000
00.000000381000	  23.20000
00.000000382000	  23.20000
00.000000383000	  23.40000
00.000000384000	  23.20000
00.000000385000	  23.40000
00.000000386000	  23.40000
00.000000387000	  23.40000
00.000000388000	  23.20000
00.000000389000	  23.20000
00.000000390000	  23.40000
00.000000391000	  23.00000
00.000000392000	  23.40000
00.000000393000	  23.60000
00.000000394000	  23.20000
00.000000395000	  23.20000
00.000000396000	  23.40000
00.000000397000	  23.20000
00.000000398000	  23.20000
00.000000399000	  23.40000
00.000000400000	  23.40000
00.000000401000	  23.20000
00.000000402000	  23.20000
00.000000403000	  23.20000
00.000000404000	  23.00000
00.000000405000	  23.00000
00.000000406000	  23.00000
00.000000407000	  23.40000
00.000000408000	  23.40000
00.000000409000	  23.20000
00.000000410000	  23.40000
00.000000411000	  23.20000
00.000000412000	  23.40000
00.000000413000	  23.40000
00.000000414000	  23.20000
00.000000415000	  23.20000
00.000000416000	  23.20000
00.000000417000	  23.40000
00.000000418000	  23.20000
00.000000419000	  23.20000
00.000000420000	  23.40000
00.000000421000	  23.40000
00.000000422000	  23.40000
00.000000423000	  23.40000
00.000000424000	  23.20000
00.000000425000	  23.20000
00.000000426000	  23.20000
00.000000427000	  23.40000
00.000000428000	  23.20000
00.000000429000	  23.20000
00.000000430000	  23.20000
00.000000431000	  23.20000
00.000000432000	  23.20000
00.000000433000	  23.20000
00.000000434000	  23.40000
00.000000435000	  23.00000
00.000000436000	  23.40000
00.000000437000	  23.60000
00.000000438000	  23.40000
00.000000439000	  23.20000
00.000000440000	  23.20000
00.000000441000	  23.40000
00.000000442000	  23.20000
00.000000443000	  23.20000
00.000000444000	  23.20000
00.000000445000	  23.40000
00.000000446000	  23.20000
00.000000447000	  23.40000
00.000000448000	  23.20000
00.000000449000	  23.40000
00.000000450000	  23.40000
00.000000451000	  23.20000
00.000000452000	  23.40000
00.000000453000	  23.20000
00.000000454000	  23.60000
00.000000455000	  23.20000
00.000000456000	  23.20000
00.000000457000	  23.20000
00.000000458000	  23.20000
00.000000459000	  23.40000
00.000000460000	  23.40000
00.000000461000	  23.20000
00.000000462000	  23.20000
00.000000463000	  23.40000
00.000000464000	  23.20000
00.000000465000	  23.60000
00.000000466000	  23.20000
00.000000467000	  23.40000
00.000000468000	  23.40000
00.000000469000	  23.40000
00.000000470000	  23.40000
00.000000471000	  23.40000
00.000000472000	  23.40000
00.000000473000	  23.40000
00.000000474000	  23.40000
00.000000475000	  23.40000
00.000000476000	  23.40000
00.000000477000	  23.20000
00.000000478000	  23.60000
00.000000479000	  23.20000
00.000000480000	  23.60000
00.000000481000	  23.40000
00.000000482000	  23.40000
00.000000483000	  23.20000
00.000000484000	  23.40000
00.000000485000	  23.40000
00.000000486000	  23.20000
00.000000487000	  23.40000
00.000000488000	  23.40000
00.000000489000	  23.00000
00.000000490000	  23.00000
00.000000491000	  23.20000
00.000000492000	  23.60000
00.000000493000	  23.40000
00.000000494000	  23.40000
00.000000495000	  23.40000
00.000000496000	  23.20000
00.000000497000	  23.20000
00.000000498000	  23.40000
00.000000499000	  23.40000
00.000000500000	  23.20000
00.000000501000	  23.40000
00.000000502000	  23.40000
00.000000503000	  23.20000
00.000000504000	  23.40000
00.000000505000	  23.40000
00.000000506000	  23.60000
00.000000507000	  23.40000
00.000000508000	  23.40000
00.000000509000	  23.40000
00.000000510000	  23.40000
00.000000511000	  23.60000
00.000000512000	  23.40000
00.000000513000	  23.20000
00.000000514000	  23.20000
00.000000515000	  23.20000
00.000000516000	  23.40000
00.000000517000	  23.40000
00.000000518000	  23.40000
00.000000519000	  23.40000
00.000000520000	  23.40000
00.000000521000	  23.60000
00.000000522000	  23.40000
00.000000523000	  23.40000
00.000000524000	  23.60000
00.000000525000	  23.20000
00.000000526000	  23.40000
00.000000527000	  23.40000
00.000000528000	  23.40000
00.000000529000	  23.40000
00.000000530000	  23.40000
00.000000531000	  23.40000
00.000000532000	  23.40000
00.000000533000	  23.60000
00.000000534000	  23.60000
00.000000535000	  23.40000
00.000000536000	  23.60000
00.000000537000	  23.60000
00.000000538000	  23.40000
00.000000539000	  23.20000
00.000000540000	  23.40000
00.000000541000	  23.40000
00.000000542000	  23.40000
00.000000543000	  23.60000
00.000000544000	  23.80000
00.000000545000	  23.40000
00.000000546000	  23.40000
00.000000547000	  23.60000
00.000000548000	  23.60000
00.000000549000	  23.20000
00.000000550000	  23.20000
00.000000551000	  23.40000
00.000000552000	  23.40000
00.000000553000	  23.60000
00.000000554000	  23.40000
00.000000555000	  23.20000
00.000000556000	  23.40000
00.000000557000	  23.60000
00.000000558000	  23.40000
00.000000559000	  23.60000
00.000000560000	  23.60000
00.000000561000	  23.60000
00.000000562000	  23.60000
00.000000563000	  23.60000
00.000000564000	  23.40000
00.000000565000	  23.20000
00.000000566000	  23.60000
00.000000567000	  23.60000
00.000000568000	  23.20000
00.000000569000	  23.40000
00.000000570000	  23.40000
00.000000571000	  23.40000
00.000000572000	  23.40000
00.000000573000	  23.40000
00.000000574000	  23.40000
00.000000575000	  23.60000
00.000000576000	  23.60000
00.000000577000	  23.40000
00.000000578000	  23.40000
00.000000579000	  23.40000
00.000000580000	  23.40000
00.000000581000	  23.40000
00.000000582000	  23.40000
00.000000583000	  23.40000
00.000000584000	  23.40000
00.000000585000	  23.60000
00.000000586000	  23.60000
00.000000587000	  23.60000
00.000000588000	  23.60000
00.000000589000	  23.40000
00.000000590000	  23.60000
00.000000591000	  23.60000
00.000000592000	  23.40000
00.000000593000	  23.40000
00.000000594000	  23.40000
00.000000595000	  23.40000
00.000000596000	  23.40000
00.000000597000	  23.60000
00.000000598000	  23.60000
00.000000599000	  23.40000
00.000000600000	  23.60000
00.000000601000	  23.40000
00.000000602000	  23.40000
00.000000603000	  23.40000
00.000000604000	  23.20000
00.000000605000	  23.40000
00.000000606000	  23.40000
00.000000607000	  23.40000
00.000000608000	  23.60000
00.000000609000	  23.40000
00.000000610000	  23.40000
00.000000611000	  23.60000
00.000000612000	  23.40000
00.000000613000	  23.80000
00.000000614000	  23.60000
00.000000615000	  23.60000
00.000000616000	  23.40000
00.000000617000	  23.40000
00.000000618000	  23.60000
00.000000619000	  23.40000
00.000000620000	  23.60000
00.000000621000	  23.20000
00.000000622000	  23.60000
00.000000623000	  23.60000
00.000000624000	  23.20000
00.000000625000	  23.60000
00.000000626000	  23.60000
00.000000627000	  23.40000
00.000000628000	  23.40000
00.000000629000	  23.40000
00.000000630000	  23.40000
00.000000631000	  23.60000
00.000000632000	  23.60000
00.000000633000	  23.60000
00.000000634000	  23.60000
00.000000635000	  23.60000
00.000000636000	  23.60000
00.000000637000	  23.40000
00.000000638000	  23.60000
00.000000639000	  23.40000
00.000000640000	  23.40000
00.000000641000	  23.40000
00.000000642000	  23.60000
00.000000643000	  23.60000
00.000000644000	  23.80000
00.000000645000	  23.40000
00.000000646000	  23.40000
00.000000647000	  23.40000
00.000000648000	  23.40000
00.000000649000	  23.40000
00.000000650000	  23.40000
00.000000651000	  23.60000
00.000000652000	  23.60000
00.000000653000	  23.40000
00.000000654000	  23.20000
00.000000655000	  23.40000
00.000000656000	  23.60000
00.000000657000	  23.60000
00.000000658000	  23.60000
00.000000659000	  23.40000
00.000000660000	  23.40000
00.000000661000	  23.40000
00.000000662000	  23.20000
00.000000663000	  23.60000
00.000000664000	  23.20000
00.000000665000	  23.80000
00.000000666000	  23.20000
00.000000667000	  23.60000
00.000000668000	  23.40000
00.000000669000	  23.80000
00.000000670000	  23.40000
00.000000671000	  23.40000
00.000000672000	  23.40000
00.000000673000	  23.40000
00.000000674000	  23.80000
00.000000675000	  23.60000
00.000000676000	  23.40000
00.000000677000	  23.80000
00.000000678000	  23.60000
00.000000679000	  23.40000
00.000000680000	  23.40000
00.000000681000	  23.40000
00.000000682000	  23.40000
00.000000683000	  23.40000
00.000000684000	  23.60000
00.000000685000	  23.40000
00.000000686000	  23.40000
00.000000687000	  23.40000
00.000000688000	  23.20000
00.000000689000	  23.40000
00.000000690000	  23.60000
00.000000691000	  23.40000
00.000000692000	  23.40000
00.000000693000	  23.40000
00.000000694000	  23.60000
00.000000695000	  23.60000
00.000000696000	  23.60000
00.000000697000	  23.40000
00.000000698000	  23.60000
00.000000699000	  23.60000
00.000000700000	  23.40000
00.000000701000	  23.40000
00.000000702000	  23.40000
00.000000703000	  23.40000
00.000000704000	  23.60000
00.000000705000	  23.60000
00.000000706000	  23.40000
00.000000707000	  23.60000
00.000000708000	  23.60000
00.000000709000	  23.60000
00.000000710000	  23.60000
00.000000711000	  23.40000
00.000000712000	  23.40000
00.000000713000	  23.20000
00.000000714000	  23.40000
00.000000715000	  23.40000
00.000000716000	  23.40000
00.000000717000	  23.60000
00.000000718000	  23.20000
00.000000719000	  23.60000
00.000000720000	  23.40000
00.000000721000	  23.60000
00.000000722000	  23.40000
00.000000723000	  23.40000
00.000000724000	  23.80000
00.000000725000	  23.40000
00.000000726000	  23.60000
00.000000727000	  23.80000
00.000000728000	  23.60000
00.000000729000	  23.60000
00.000000730000	  23.60000
00.000000731000	  23.60000
00.000000732000	  23.20000
00.000000733000	  23.60000
00.000000734000	  23.60000
00.000000735000	  23.20000
00.000000736000	  23.20000
00.000000737000	  23.40000
00.000000738000	  23.20000
00.000000739000	  23.60000
00.000000740000	  23.20000
00.000000741000	  23.20000
00.000000742000	  23.40000
00.000000743000	  23.20000
00.000000744000	  23.40000
00.000000745000	  23.20000
00.000000746000	  23.40000
00.000000747000	  23.20000
00.000000748000	  23.40000
00.000000749000	  23.40000
00.000000750000	  23.60000
00.000000751000	  23.40000
00.000000752000	  23.40000
00.000000753000	  23.40000
00.000000754000	  23.40000
00.000000755000	  23.20000
00.000000756000	  23.40000
00.000000757000	  23.40000
00.000000758000	  23.20000
00.000000759000	  23.20000
00.000000760000	  23.20000
00.000000761000	  23.20000
00.000000762000	  23.20000
00.000000763000	  23.40000
00.000000764000	  23.20000
00.000000765000	  23.40000
00.000000766000	  23.40000
00.000000767000	  23.40000
00.000000768000	  23.40000
00.000000769000	  23.40000
00.000000770000	  23.40000
00.000000771000	  23.40000
00.000000772000	  23.60000
00.000000773000	  23.40000
00.000000774000	  23.40000
00.000000775000	  23.40000
00.000000776000	  23.40000
00.000000777000	  23.20000
00.000000778000	  23.40000
00.000000779000	  23.40000
00.000000780000	  23.20000
00.000000781000	  23.40000
00.000000782000	  23.20000
00.000000783000	  23.60000
00.000000784000	  23.40000
00.000000785000	  23.20000
00.000000786000	  23.40000
00.000000787000	  23.00000
00.000000788000	  23.00000
00.000000789000	  23.20000
00.000000790000	  23.20000
00.000000791000	  22.80000
00.000000792000	  23.20000
00.000000793000	  23.20000
00.000000794000	  23.20000
00.000000795000	  23.20000
00.000000796000	  23.40000
00.000000797000	  23.20000
00.000000798000	  23.20000
00.000000799000	  23.40000
00.000000800000	  23.40000
00.000000801000	  23.20000
00.000000802000	  23.20000
00.000000803000	  23.40000
00.000000804000	  23.40000
00.000000805000	  23.20000
00.000000806000	  23.40000
00.000000807000	  23.20000
00.000000808000	  23.20000
00.000000809000	  23.20000
00.000000810000	  23.20000
00.000000811000	  23.20000
00.000000812000	  23.40000
00.000000813000	  23.20000
00.000000814000	  23.00000
00.000000815000	  23.00000
00.000000816000	  23.00000
00.000000817000	  23.00000
00.000000818000	  23.00000
00.000000819000	  23.00000
00.000000820000	  23.00000
00.000000821000	  23.00000
00.000000822000	  23.00000
00.000000823000	  23.20000
00.000000824000	  23.00000
00.000000825000	  23.00000
00.000000826000	  23.20000
00.000000827000	  23.20000
00.000000828000	  23.00000
00.000000829000	  23.00000
00.000000830000	  23.00000
00.000000831000	  23.00000
00.000000832000	  23.00000
00.000000833000	  23.00000
00.000000834000	  23.00000
00.000000835000	  22.80000
00.000000836000	  23.00000
00.000000837000	  23.00000
00.000000838000	  23.00000
00.000000839000	  23.00000
00.000000840000	  23.00000
00.000000841000	  22.80000
00.000000842000	  22.80000
00.000000843000	  22.80000
00.000000844000	  22.80000
00.000000845000	  22.60000
00.000000846000	  22.40000
00.000000847000	  22.20000
00.000000848000	  22.00000
00.000000849000	  21.80000
00.000000850000	  21.80000
00.000000851000	  21.60000
00.000000852000	  21.20000
00.000000853000	  21.00000
00.000000854000	  20.60000
00.000000855000	  20.40000
00.000000856000	  20.20000
00.000000857000	  19.80000
00.000000858000	  19.20000
00.000000859000	  19.00000
00.000000860000	  18.60000
00.000000861000	  18.20000
00.000000862000	  18.00000
00.000000863000	  17.60000
00.000000864000	  17.00000
00.000000865000	  16.80000
00.000000866000	  16.60000
00.000000867000	  16.00000
00.000000868000	  16.00000
00.000000869000	  15.40000
00.000000870000	  15.20000
00.000000871000	  15.00000
00.000000872000	  14.80000
00.000000873000	  14.40000
00.000000874000	  14.00000
00.000000875000	  14.00000
00.000000876000	  13.80000
00.000000877000	  13.60000
00.000000878000	  13.40000
00.000000879000	  13.40000
00.000000880000	  13.20000
00.000000881000	  13.00000
00.000000882000	  12.60000
00.000000883000	  12.60000
00.000000884000	  12.40000
00.000000885000	  12.20000
00.000000886000	  12.20000
00.000000887000	  12.00000
00.000000888000	  12.00000
00.000000889000	  11.60000
00.000000890000	  11.60000
00.000000891000	  11.60000
00.000000892000	  11.20000
00.000000893000	  11.00000
00.000000894000	  11.20000
00.000000895000	  11.00000
00.000000896000	  11.00000
00.000000897000	  10.60000
00.000000898000	  10.60000
00.000000899000	  10.20000
00.000000900000	  10.40000
00.000000901000	  10.00000
00.000000902000	  10.20000
00.000000903000	  10.00000
00.000000904000	   9.80000
00.000000905000	  10.00000
00.000000906000	   9.60000
00.000000907000	  10.00000
00.000000908000	   9.80000
00.000000909000	   9.60000
00.000000910000	   9.60000
00.000000911000	   9.20000
00.000000912000	   9.20000
00.000000913000	   9.20000
00.000000914000	   9.00000
00.000000915000	   9.00000
00.000000916000	   9.00000
00.000000917000	   9.00000
00.000000918000	   9.00000
00.000000919000	   9.00000
00.000000920000	   8.80000
00.000000921000	   8.60000
00.000000922000	   8.60000
00.000000923000	   8.60000
00.000000924000	   8.60000
00.000000925000	   8.40000
00.000000926000	   8.20000
00.000000927000	   8.20000
00.000000928000	   8.00000
00.000000929000	   8.20000
00.000000930000	   7.80000
00.000000931000	   8.00000
00.000000932000	   8.20000
00.000000933000	   7.80000
00.000000934000	   7.80000
00.000000935000	   7.60000
00.000000936000	   7.60000
00.000000937000	   7.60000
00.000000938000	   7.40000
00.000000939000	   7.40000
00.000000940000	   7.60000
00.000000941000	   7.40000
00.000000942000	   7.40000
00.000000943000	   7.20000
00.000000944000	   7.20000
00.000000945000	   7.20000
00.000000946000	   7.40000
00.000000947000	   7.20000
00.000000948000	   7.20000
00.000000949000	   7.20000
00.000000950000	   7.20000
00.000000951000	   7.00000
00.000000952000	   7.00000
00.000000953000	   7.00000
00.000000954000	   6.80000
00.000000955000	   6.80000
00.000000956000	   6.80000
00.000000957000	   6.80000
00.000000958000	   6.80000
00.000000959000	   6.60000
00.000000960000	   6.80000
00.000000961000	   6.40000
00.000000962000	   6.60000
00.000000963000	   6.40000
00.000000964000	   6.60000
00.000000965000	   6.40000
00.000000966000	   6.60000
00.000000967000	   6.40000
00.000000968000	   6.40000
00.000000969000	   6.40000
00.000000970000	   6.20000
00.000000971000	   6.20000
00.000000972000	   6.20000
00.000000973000	   6.20000
00.000000974000	   6.20000
00.000000975000	   6.20000
00.000000976000	   6.20000
00.000000977000	   6.00000
00.000000978000	   6.00000
00.000000979000	   5.80000
00.000000980000	   6.00000
00.000000981000	   5.80000
00.000000982000	   6.00000
00.000000983000	   6.00000
00.000000984000	   5.80000
00.000000985000	   5.60000
00.000000986000	   5.60000
00.000000987000	   5.80000
00.000000988000	   5.60000
00.000000989000	   5.60000
00.000000990000	   5.60000
00.000000991000	   5.40000
00.000000992000	   5.60000
00.000000993000	   5.60000
00.000000994000	   5.40000
00.000000995000	   5.40000
00.000000996000	   5.40000
00.000000997000	   5.20000
00.000000998000	   5.20000
00.000000999000	   5.40000
00.000001000000	   5.40000
00.000001001000	   5.20000
00.000001002000	   5.20000
00.000001003000	   5.20000
00.000001004000	   5.20000
00.000001005000	   5.40000
00.000001006000	   5.40000
00.000001007000	   5.20000
00.000001008000	   5.20000
00.000001009000	   5.40000
00.000001010000	   5.00000
00.000001011000	   5.40000
00.000001012000	   5.00000
00.000001013000	   5.00000
00.000001014000	   5.20000
00.000001015000	   5.20000
00.000001016000	   5.00000
00.000001017000	   5.20000
00.000001018000	   5.20000
00.000001019000	   5.20000
00.000001020000	   4.80000
00.000001021000	   5.20000
00.000001022000	   5.40000
00.000001023000	   5.00000
00.000001024000	   5.40000
00.000001025000	   5.00000
00.000001026000	   5.00000
00.000001027000	   4.80000
00.000001028000	   4.80000
00.000001029000	   4.80000
00.000001030000	   4.60000
00.000001031000	   4.80000
00.000001032000	   5.00000
00.000001033000	   4.80000
00.000001034000	   4.80000
00.000001035000	   4.80000
00.000001036000	   4.60000
00.000001037000	   4.60000
00.000001038000	   4.80000
00.000001039000	   4.80000
00.000001040000	   4.60000
00.000001041000	   4.60000
00.000001042000	   4.60000
00.000001043000	   4.60000
00.000001044000	   4.60000
00.000001045000	   4.60000
00.000001046000	   4.60000
00.000001047000	   4.60000
00.000001048000	   4.60000
00.000001049000	   4.80000
00.000001050000	   4.60000
00.000001051000	   4.60000
00.000001052000	   4.60000
00.000001053000	   4.60000
00.000001054000	   4.60000
00.000001055000	   4.60000
00.000001056000	   4.40000
00.000001057000	   4.60000
00.000001058000	   4.80000
00.000001059000	   4.40000
00.000001060000	   4.40000
00.000001061000	   4.60000
00.000001062000	   4.20000
00.000001063000	   4.60000
00.000001064000	   4.40000
00.000001065000	   4.20000
00.000001066000	   4.60000
00.000001067000	   4.40000
00.000001068000	   4.20000
00.000001069000	   4.40000
00.000001070000	   4.60000
00.000001071000	   4.40000
00.000001072000	   4.60000
00.000001073000	   4.40000
00.000001074000	   4.40000
00.000001075000	   4.40000
00.000001076000	   4.40000
00.000001077000	   4.40000
00.000001078000	   4.20000
00.000001079000	   4.40000
00.000001080000	   4.40000
00.000001081000	   4.20000
00.000001082000	   4.40000
00.000001083000	   4.20000
00.000001084000	   4.20000
00.000001085000	   4.20000
00.000001086000	   4.20000
00.000001087000	   4.20000
00.000001088000	   4.00000
00.000001089000	   4.20000
00.000001090000	   4.20000
00.000001091000	   4.20000
00.000001092000	   4.40000
00.000001093000	   4.40000
00.000001094000	   4.20000
00.000001095000	   4.00000
00.000001096000	   4.40000
00.000001097000	   4.20000
00.000001098000	   4.40000
00.000001099000	   4.20000
00.000001100000	   4.20000
00.000001101000	   4.20000
00.000001102000	   4.00000
00.000001103000	   4.40000
00.000001104000	   4.00000
00.000001105000	   4.00000
00.000001106000	   4.00000
00.000001107000	   4.00000
00.000001108000	   4.20000
00.000001109000	   4.00000
00.000001110000	   4.00000
00.000001111000	   4.00000
00.000001112000	   3.80000
00.000001113000	   4.00000
00.000001114000	   4.20000
00.000001115000	   4.00000
00.000001116000	   4.20000
00.000001117000	   4.00000
00.000001118000	   4.00000
00.000001119000	   4.00000
00.000001120000	   4.00000
00.000001121000	   4.00000
00.000001122000	   4.00000
00.000001123000	   4.00000
00.000001124000	   3.80000
00.000001125000	   4.00000
00.000001126000	   3.80000
00.000001127000	   3.80000
00.000001128000	   3.80000
00.000001129000	   4.00000
00.000001130000	   4.00000
00.000001131000	   3.80000
00.000001132000	   4.00000
00.000001133000	   4.00000
00.000001134000	   4.00000
00.000001135000	   3.80000
00.000001136000	   3.80000
00.000001137000	   4.00000
00.000001138000	   3.80000
00.000001139000	   3.80000
00.000001140000	   4.00000
00.000001141000	   3.80000
00.000001142000	   3.80000
00.000001143000	   3.80000
00.000001144000	   3.80000
00.000001145000	   3.80000
00.000001146000	   4.20000
00.000001147000	   3.80000
00.000001148000	   4.00000
00.000001149000	   3.80000
00.000001150000	   4.00000
00.000001151000	   4.00000
00.000001152000	   3.60000
00.000001153000	   3.60000
00.000001154000	   4.00000
00.000001155000	   3.80000
00.000001156000	   4.00000
00.000001157000	   4.00000
00.000001158000	   3.80000
00.000001159000	   3.80000
00.000001160000	   4.00000
00.000001161000	   3.60000
00.000001162000	   4.00000
00.000001163000	   3.60000
00.000001164000	   3.40000
00.000001165000	   3.60000
00.000001166000	   3.80000
00.000001167000	   3.60000
00.000001168000	   3.60000
00.000001169000	   3.60000
00.000001170000	   3.60000
00.000001171000	   3.60000
00.000001172000	   3.80000
00.000001173000	   3.80000
00.000001174000	   3.80000
00.000001175000	   3.80000
00.000001176000	   3.60000
00.000001177000	   3.80000
00.000001178000	   3.80000
00.000001179000	   3.60000
00.000001180000	   3.60000
00.000001181000	   3.60000
00.000001182000	   3.60000
00.000001183000	   3.60000
00.000001184000	   3.60000
00.000001185000	   3.60000
00.000001186000	   3.80000
00.000001187000	   3.60000
00.000001188000	   3.40000
00.000001189000	   3.80000
00.000001190000	   3.60000
00.000001191000	   3.80000
00.000001192000	   3.80000
00.000001193000	   3.80000
00.000001194000	   3.60000
00.000001195000	   3.80000
00.000001196000	   3.60000
00.000001197000	   3.80000
00.000001198000	   3.60000
00.000001199000	   3.80000
00.000001200000	   3.80000
00.000001201000	   3.40000
00.000001202000	   3.80000
00.000001203000	   3.60000
00.000001204000	   3.60000
00.000001205000	   3.80000
00.000001206000	   3.60000
00.000001207000	   3.60000
00.000001208000	   3.40000
00.000001209000	   3.80000
00.000001210000	   3.60000
00.000001211000	   3.40000
00.000001212000	   3.60000
00.000001213000	   3.60000
00.000001214000	   3.60000
00.000001215000	   3.60000
00.000001216000	   3.60000
00.000001217000	   3.80000
00.000001218000	   3.40000
00.000001219000	   3.80000
00.000001220000	   3.80000
00.000001221000	   3.80000
00.000001222000	   3.80000
00.000001223000	   3.80000
00.000001224000	   3.60000
00.000001225000	   3.60000
00.000001226000	   3.60000
00.000001227000	   3.60000
00.000001228000	   3.60000
00.000001229000	   3.80000
00.000001230000	   3.80000
00.000001231000	   3.60000
00.000001232000	   3.80000
00.000001233000	   3.60000
00.000001234000	   3.60000
00.000001235000	   3.60000
00.000001236000	   3.60000
00.000001237000	   3.80000
00.000001238000	   3.80000
00.000001239000	   3.60000
00.000001240000	   3.60000
00.000001241000	   3.40000
00.000001242000	   3.40000
00.000001243000	   3.40000
00.000001244000	   3.40000
00.000001245000	   3.60000
00.000001246000	   3.60000
00.000001247000	   3.60000
00.000001248000	   3.60000
00.000001249000	   3.60000
00.000001250000	   3.40000
00.000001251000	   3.40000
00.000001252000	   3.60000
00.000001253000	   3.80000
00.000001254000	   3.60000
00.000001255000	   3.60000
00.000001256000	   3.60000
00.000001257000	   3.40000
00.000001258000	   3.60000
00.000001259000	   3.40000
00.000001260000	   3.20000
00.000001261000	   3.60000
00.000001262000	   3.60000
00.000001263000	   3.40000
00.000001264000	   3.40000
00.000001265000	   3.40000
00.000001266000	   3.60000
00.000001267000	   3.60000
00.000001268000	   3.40000
00.000001269000	   3.40000
00.000001270000	   3.20000
00.000001271000	   3.60000
00.000001272000	   3.60000
00.000001273000	   3.60000
00.000001274000	   3.60000
00.000001275000	   3.20000
00.000001276000	   3.60000
00.000001277000	   3.40000
00.000001278000	   3.40000
00.000001279000	   3.40000
00.000001280000	   3.40000
00.000001281000	   3.40000
00.000001282000	   3.60000
00.000001283000	   3.20000
00.000001284000	   3.60000
00.000001285000	   3.40000
00.000001286000	   3.80000
00.000001287000	   3.40000
00.000001288000	   3.40000
00.000001289000	   3.40000
00.000001290000	   3.60000
00.000001291000	   3.60000
00.000001292000	   3.40000
00.000001293000	   3.40000
00.000001294000	   3.60000
00.000001295000	   3.40000
00.000001296000	   3.60000
00.000001297000	   3.20000
00.000001298000	   3.40000
00.000001299000	   3.40000
00.000001300000	   3.40000
00.000001301000	   3.40000
00.000001302000	   3.40000
00.000001303000	   3.40000
00.000001304000	   3.40000
00.000001305000	   3.40000
00.000001306000	   3.40000
00.000001307000	   3.60000
00.000001308000	   3.40000
00.000001309000	   3.40000
00.000001310000	   3.40000
00.000001311000	   3.60000
00.000001312000	   3.40000
00.000001313000	   3.40000
00.000001314000	   3.60000
00.000001315000	   3.40000
00.000001316000	   3.40000
00.000001317000	   3.40000
00.000001318000	   3.60000
00.000001319000	   3.40000
00.000001320000	   3.40000
00.000001321000	   3.40000
00.000001322000	   3.60000
00.000001323000	   3.20000
00.000001324000	   3.40000
00.000001325000	   3.40000
00.000001326000	   3.20000
00.000001327000	   3.60000
00.000001328000	   3.60000
00.000001329000	   3.40000
00.000001330000	   3.60000
00.000001331000	   3.60000
00.000001332000	   3.40000
00.000001333000	   3.40000
00.000001334000	   3.40000
00.000001335000	   3.60000
00.000001336000	   3.40000
00.000001337000	   3.40000
00.000001338000	   3.40000
00.000001339000	   3.40000
00.000001340000	   3.40000
00.000001341000	   3.40000
00.000001342000	   3.40000
00.000001343000	   3.40000
00.000001344000	   3.20000
00.000001345000	   3.40000
00.000001346000	   3.60000
00.000001347000	   3.20000
00.000001348000	   3.60000
00.000001349000	   3.40000
00.000001350000	   3.40000
00.000001351000	   3.40000
00.000001352000	   3.20000
00.000001353000	   3.20000
00.000001354000	   3.60000
00.000001355000	   3.20000
00.000001356000	   3.20000
00.000001357000	   3.40000
00.000001358000	   3.40000
00.000001359000	   3.40000
00.000001360000	   3.20000
00.000001361000	   3.20000
00.000001362000	   3.40000
00.000001363000	   3.60000
00.000001364000	   3.40000
00.000001365000	   3.20000
00.000001366000	   3.40000
00.000001367000	   3.40000
00.000001368000	   3.60000
00.000001369000	   3.40000
00.000001370000	   3.60000
00.000001371000	   3.40000
00.000001372000	   3.40000
00.000001373000	   3.60000
00.000001374000	   3.40000
00.000001375000	   3.40000
00.000001376000	   3.40000
00.000001377000	   3.40000
00.000001378000	   3.80000
00.000001379000	   3.60000
00.000001380000	   3.60000
00.000001381000	   3.40000
00.000001382000	   3.40000
00.000001383000	   3.60000
00.000001384000	   3.40000
00.000001385000	   3.40000
00.000001386000	   3.40000
00.000001387000	   3.20000
00.000001388000	   3.20000
00.000001389000	   3.40000
00.000001390000	   3.60000
00.000001391000	   3.20000
00.000001392000	   3.40000
00.000001393000	   3.40000
00.000001394000	   3.20000
00.000001395000	   3.60000
00.000001396000	   3.20000
00.000001397000	   3.40000
00.000001398000	   3.40000
00.000001399000	   3.00000
00.000001400000	   3.20000
00.000001401000	   3.40000
00.000001402000	   3.40000
00.000001403000	   3.60000
00.000001404000	   3.40000
00.000001405000	   3.40000
00.000001406000	   3.20000
00.000001407000	   3.40000
00.000001408000	   3.20000
00.000001409000	   3.60000
00.000001410000	   3.20000
00.000001411000	   3.20000
00.000001412000	   3.40000
00.000001413000	   3.60000
00.000001414000	   3.40000
00.000001415000	   3.40000
00.000001416000	   3.40000
00.000001417000	   3.60000
00.000001418000	   3.60000
00.000001419000	   3.40000
00.000001420000	   3.60000
00.000001421000	   3.40000
00.000001422000	   3.40000
00.000001423000	   3.20000
00.000001424000	   3.20000
00.000001425000	   3.20000
00.000001426000	   3.20000
00.000001427000	   3.40000
00.000001428000	   3.40000
00.000001429000	   3.40000
00.000001430000	   3.40000
00.000001431000	   3.40000
00.000001432000	   3.20000
00.000001433000	   3.40000
00.000001434000	   3.40000
00.000001435000	   3.60000
00.000001436000	   3.40000
00.000001437000	   3.40000
00.000001438000	   3.40000
00.000001439000	   3.40000
00.000001440000	   3.40000
00.000001441000	   3.20000
00.000001442000	   3.40000
00.000001443000	   3.40000
00.000001444000	   3.60000
00.000001445000	   3.20000
00.000001446000	   3.40000
00.000001447000	   3.60000
00.000001448000	   3.40000
00.000001449000	   3.40000
00.000001450000	   3.40000
00.000001451000	   3.40000
00.000001452000	   3.40000
00.000001453000	   3.40000
00.000001454000	   3.20000
00.000001455000	   3.20000
00.000001456000	   3.40000
00.000001457000	   3.40000
00.000001458000	   3.20000
00.000001459000	   3.60000
00.000001460000	   3.20000
00.000001461000	   3.20000
00.000001462000	   3.40000
00.000001463000	   3.40000
00.000001464000	   3.20000
00.000001465000	   3.40000
00.000001466000	   3.20000
00.000001467000	   3.40000
00.000001468000	   3.20000
00.000001469000	   3.20000
00.000001470000	   3.40000
00.000001471000	   3.20000
00.000001472000	   3.40000
00.000001473000	   3.20000
00.000001474000	   3.20000
00.000001475000	   3.20000
00.000001476000	   3.20000
00.000001477000	   3.40000
00.000001478000	   3.60000
00.000001479000	   3.40000
00.000001480000	   3.20000
00.000001481000	   3.00000
00.000001482000	   3.20000
00.000001483000	   3.20000
00.000001484000	   3.40000
00.000001485000	   3.40000
00.000001486000	   3.40000
00.000001487000	   3.20000
00.000001488000	   3.60000
00.000001489000	   3.40000
00.000001490000	   3.40000
00.000001491000	   3.40000
00.000001492000	   3.40000
00.000001493000	   3.20000
00.000001494000	   3.20000
00.000001495000	   3.20000
00.000001496000	   3.20000
00.000001497000	   3.40000
00.000001498000	   3.20000
00.000001499000	   3.40000
00.000001500000	   3.20000
00.000001501000	   3.20000
00.000001502000	   3.60000
00.000001503000	   3.20000
00.000001504000	   3.20000
00.000001505000	   3.60000
00.000001506000	   3.40000
00.000001507000	   3.20000
00.000001508000	   3.20000
00.000001509000	   3.40000
00.000001510000	   3.20000
00.000001511000	   3.20000
00.000001512000	   3.40000
00.000001513000	   3.20000
00.000001514000	   3.40000
00.000001515000	   3.20000
00.000001516000	   3.40000
00.000001517000	   3.60000
00.000001518000	   3.80000
00.000001519000	   3.60000
00.000001520000	   3.40000
00.000001521000	   3.60000
00.000001522000	   3.40000
00.000001523000	   3.40000
00.000001524000	   3.40000
00.000001525000	   3.40000
00.000001526000	   3.40000
00.000001527000	   3.20000
00.000001528000	   3.40000
00.000001529000	   3.40000
00.000001530000	   3.40000
00.000001531000	   3.40000
00.000001532000	   3.20000
00.000001533000	   3.40000
00.000001534000	   3.40000
00.000001535000	   3.40000
00.000001536000	   3.20000
00.000001537000	   3.40000
00.000001538000	   3.60000
00.000001539000	   3.40000
00.000001540000	   3.40000
00.000001541000	   3.20000
00.000001542000	   3.20000
00.000001543000	   3.60000
00.000001544000	   3.20000
00.000001545000	   3.60000
00.000001546000	   3.40000
00.000001547000	   3.20000
00.000001548000	   3.20000
00.000001549000	   3.60000
00.000001550000	   3.40000
00.000001551000	   3.20000
00.000001552000	   3.40000
00.000001553000	   3.40000
00.000001554000	   3.40000
00.000001555000	   3.40000
00.000001556000	   3.40000
00.000001557000	   3.20000
00.000001558000	   3.40000
00.000001559000	   3.60000
00.000001560000	   3.40000
00.000001561000	   3.40000
00.000001562000	   3.40000
00.000001563000	   3.40000
00.000001564000	   3.20000
00.000001565000	   3.40000
00.000001566000	   3.40000
00.000001567000	   3.40000
00.000001568000	   3.60000
00.000001569000	   3.60000
00.000001570000	   3.20000
00.000001571000	   3.40000
00.000001572000	   3.40000
00.000001573000	   3.40000
00.000001574000	   3.40000
00.000001575000	   3.40000
00.000001576000	   3.20000
00.000001577000	   3.20000
00.000001578000	   3.40000
00.000001579000	   3.40000
00.000001580000	   3.40000
00.000001581000	   3.20000
00.000001582000	   3.40000
00.000001583000	   3.40000
00.000001584000	   3.40000
00.000001585000	   3.40000
00.000001586000	   3.40000
00.000001587000	   3.40000
00.000001588000	   3.40000
00.000001589000	   3.40000
00.000001590000	   3.20000
00.000001591000	   3.40000
00.000001592000	   3.60000
00.000001593000	   3.40000
00.000001594000	   3.40000
00.000001595000	   3.20000
00.000001596000	   3.40000
00.000001597000	   3.40000
00.000001598000	   3.40000
00.000001599000	   3.20000
00.000001600000	   3.20000
00.000001601000	   3.20000
00.000001602000	   3.40000
00.000001603000	   3.40000
00.000001604000	   3.40000
00.000001605000	   3.40000
00.000001606000	   3.20000
00.000001607000	   3.20000
00.000001608000	   3.40000
00.000001609000	   3.40000
00.000001610000	   3.40000
00.000001611000	   3.60000
00.000001612000	   3.40000
00.000001613000	   3.40000
00.000001614000	   3.40000
00.000001615000	   3.40000
00.000001616000	   3.60000
00.000001617000	   3.60000
00.000001618000	   3.60000
00.000001619000	   3.40000
00.000001620000	   3.40000
00.000001621000	   3.40000
00.000001622000	   3.60000
00.000001623000	   3.40000
00.000001624000	   3.60000
00.000001625000	   3.40000
00.000001626000	   3.60000
00.000001627000	   3.40000
00.000001628000	   3.60000
00.000001629000	   3.40000
00.000001630000	   3.60000
00.000001631000	   3.40000
00.000001632000	   3.40000
00.000001633000	   3.40000
00.000001634000	   3.40000
00.000001635000	   3.40000
00.000001636000	   3.40000
00.000001637000	   3.40000
00.000001638000	   3.40000
00.000001639000	   3.40000
00.000001640000	   3.20000
00.000001641000	   3.40000
00.000001642000	   3.00000
00.000001643000	   3.20000
00.000001644000	   3.40000
00.000001645000	   3.40000
00.000001646000	   3.20000
00.000001647000	   3.40000
00.000001648000	   3.40000
00.000001649000	   3.40000
00.000001650000	   3.40000
00.000001651000	   3.60000
00.000001652000	   3.40000
00.000001653000	   3.40000
00.000001654000	   3.60000
00.000001655000	   3.40000
00.000001656000	   3.20000
00.000001657000	   3.40000
00.000001658000	   3.20000
00.000001659000	   3.40000
